query_spectrum_nr,rt_time_query_spectrum,precursor_mz_query_spectrum,SpectrumID_GNPS_results,Compound_Name_GNPS_results,Smiles_GNPS_results,MassDiff_GNPS_results,LibMZ_GNPS_results,InChIKey-Planar_GNPS_results,superclass_GNPS_results,ms2query_model_prediction_ms2query_results,precursor_mz_difference_ms2query_results,precursor_mz_analog_ms2query_results,inchikey_ms2query_results,spectrum_ids_ms2query_results,analog_compound_name_ms2query_results,smiles_ms2query_results,cf_kingdom_ms2query_results,cf_superclass_ms2query_results,cf_class_ms2query_results,cf_subclass_ms2query_results,cf_direct_parent_ms2query_results,npc_class_results_ms2query_results,npc_superclass_results_ms2query_results,npc_pathway_results_ms2query_results
423,166.427002,181.073,CCMSLIB00000206017,Massbank: Aminophylline,[H]C([H])([H])N(C(=O)1)C(=O)c(n([H])2)c(nc([H])2)N(C([H])([H])[H])1,0.0,181.073,ZFXYFBGIUFBOJW,Organoheterocyclic compounds,0.8751,0.0,181.073,ZFXYFBGIUFBOJW,CCMSLIB00005771524,Aminophylline,O=C1C2=C(N=CN2)N(C)C(N1C)=O,Organic compounds,Organoheterocyclic compounds,Imidazopyrimidines,Purines and purine derivatives,Xanthines,Purine alkaloids,Pseudoalkaloids (transamidation),Alkaloids
344,36.956001,138.058,CCMSLIB00005755284,Massbank: N-methylnicotinate|1-methylpyridin-1-ium-3-carboxylate,C[n+]1cccc(C(=O)[O-])c1,0.00300598,138.055,WWNNZCOKKKDOPX,,0.3041,13.982,124.076,BHAAPTBBJKJZER,CCMSLIB00005765008,p-Anisidine,COC1=CC=C(N)C=C1,Organic compounds,Benzenoids,Phenol ethers,Aminophenyl ethers,Aminophenyl ethers,,,
834,390.897003,457.204,CCMSLIB00003137233,Spectral Match to Baicalin from NIST14,,10.112,447.092,,,0.5284,65.92,391.284,JWZBXKZZDYMDCJ,CCMSLIB00005738621,"4-(3-hydroxy-10,13-dimethyl-6-oxo-1,2,3,4,5,7,8,9,11,12,14,15,16,17-tetradecahydrocyclopenta[a]phenanthren-17-yl)pentanoic acid",C[C@@H]([C@H]1CC[C@]2([H])[C@]1(C)CC[C@@]3([H])[C@@]2([H])CC([C@@]4([H])[C@]3(C)CC[C@@H](O)C4)=O)CCC(O)=O,Organic compounds,Lipids and lipid-like molecules,Steroids and steroid derivatives,"Bile acids, alcohols and derivatives","Monohydroxy bile acids, alcohols and derivatives",Cholane steroids,Steroids,Terpenoids
417,236.373001,177.055,CCMSLIB00003136138,Spectral Match to 3-Hydroxy-4-methoxycinnamic acid from NIST14,,0.00100708,177.056,,,0.8432,0.0,177.055,KSEBMYQBYZTDHS,CCMSLIB00003139575,trans-Ferulic acid,COC1=C(C=CC(=C1)/C=C/C(=O)O)O,Organic compounds,Phenylpropanoids and polyketides,Cinnamic acids and derivatives,Hydroxycinnamic acids and derivatives,Hydroxycinnamic acids,Cinnamic acids and derivatives,Phenylpropanoids (C6-C3),Shikimates and Phenylpropanoids
446,59.206001,204.124,CCMSLIB00003135497,Spectral Match to Acetyl-DL-carnitine from NIST14,CC(=O)OC(CC(=O)[O-])C[N+](C)(C)C,0.000991821,204.123,RDHQFKQIGNGIED,Lipids and lipid-like molecules,0.8556,0.001,204.123,RDHQFKQIGNGIED,CCMSLIB00006681997,ACETYL-CARNITINE,CC(=O)O[C@H](CC(O)=O)C[N+](C)(C)C,Organic compounds,Lipids and lipid-like molecules,Fatty Acyls,Fatty acid esters,Acyl carnitines,Fatty acyl carnitines,Fatty esters,Fatty acids
621,420.804993,302.233,CCMSLIB00005885063,Octanoylcarnitine - 40.00 eV,CCCCCCCC(=O)O[C@H](CC(O)=O)C[N+](C)(C)C,14.015999999999998,288.217,CXTATJFJDMJMIY,Lipids and lipid-like molecules,0.6878,84.094,218.139,UFAHZIUFPNSHSL,CCMSLIB00005885048,Propionylcarnitine - 70.00 eV,CCC(=O)O[C@H](CC(O)=O)C[N+](C)(C)C,Organic compounds,Lipids and lipid-like molecules,Fatty Acyls,Fatty acid esters,Acyl carnitines,Fatty acyl carnitines,Fatty esters,Fatty acids
892,502.499023,637.356,CCMSLIB00005788112,Apigenin 7-galacturonide,C1=CC(=CC=C1C2=CC(=O)C3=C(C=C(C=C3O2)OC4C(C(C(C(O4)C(=O)O)O)O)O)O)O,190.263,447.093,JBFOLLJCGUCDQP,Phenylpropanoids and polyketides,0.7075,292.153,929.509,MADZMXIFUWFDJK,CCMSLIB00005741392,Soyasapogenol B base + O-HexA-Hex-Pen,O=C(O)C8OC(OC5CCC4(C)(C(CCC2(C)(C4(CC=C1C3CC(C)(C)CC(O)C3(C)(CCC12(C)))))C5(C)(CO)))C(OC7OC(CO)C(O)C(O)C7(OC6OCC(O)C(O)C6(O)))C(O)C8(O),Organic compounds,Lipids and lipid-like molecules,Prenol lipids,Terpene glycosides,Triterpene saponins,Oleanane triterpenoids,Triterpenoids,Terpenoids
727,116.612999,350.088,CCMSLIB00003137233,Spectral Match to Baicalin from NIST14,,97.004,447.092,,,0.409,83.099,433.187,FSNCEEGOMTYXKY,CCMSLIB00006673505,3S_2349_Tetrahydro_1h_pyrido_34b_indole_carboxylic_acid,O=C(O)C3NCC=2NC1=CC=CC=C1C=2C3,Organic compounds,Organoheterocyclic compounds,Indoles and derivatives,Pyridoindoles,Beta carbolines,Carboline alkaloids,Tryptophan alkaloids,Alkaloids
180,69.030998,124.076,CCMSLIB00005750262,Massbank:KW102504 p-phenetidine,CCOc1ccc(N)cc1,14.015,138.091,IMPPGHMHELILKG,Benzenoids,0.2939,173.955,298.031,KXNXWINFSDKMHD,CCMSLIB00000207770,"N-[4-(1,3-thiazol-2-ylsulfamoyl)phenyl]acetamide",c1(ccc(NC(=O)C)cc1)S(=O)(NC2=NC=CS2)=O,Organic compounds,Benzenoids,Benzene and substituted derivatives,Benzenesulfonamides,Benzenesulfonamides,,,Alkaloids
605,338.711975,286.202,CCMSLIB00005885058,Isovalerylcarnitine - 50.00 eV,CC(C)CC(=O)OC(CC([O-])=O)C[N+](C)(C)C,40.032,246.17,IGQBPDJNUXPEMT,Lipids and lipid-like molecules,0.7843,0.001,286.201,LOSHAHDSFZXVCT,CCMSLIB00006581932,(2E)-octenoylcarnitine,,,,,,,,,
827,326.290009,443.13,CCMSLIB00000222538,"Massbank:PB006265 4-methylumbelliferyl glucuronide|(2S,3S,4S,5R,6S)-3,4,5-trihydroxy-6-(4-methyl-2-oxochromen-7-yl)oxyoxane-2-carboxylic acid",CC1=CC(=O)OC2=C1C=CC(=C2)OC3C(C(C(C(O3)C(=O)O)O)O)O,90.04299999999999,353.087,ARQXEQLMMNGFDU,Phenylpropanoids and polyketides,0.409,215.95,659.08,RNKMOGIPOMVCHO,CCMSLIB00006554680,"1,3,6-Tri-O-galloyl-beta-D-glucose",O[C@@H]1[C@@H](COC(=O)C2=CC(O)=C(O)C(O)=C2)O[C@@H](OC(=O)C3=CC(O)=C(O)C(O)=C3)[C@H](O)[C@H]1OC(=O)C4=CC(O)=C(O)C(O)=C4,Organic compounds,Phenylpropanoids and polyketides,Tannins,,Tannins,Gallotannins,Phenolic acids (C6-C1),Shikimates and Phenylpropanoids
411,313.561981,170.06,CCMSLIB00005746579,Massbank:PR301031 Harmane,CC1=C2NC3=CC=CC=C3C2=CC=N1,13.032,183.092,PSFDQSOCUJVVGF,,0.6246,0.0,170.06,PLVPPLCLBIEYEA,CCMSLIB00006705962,3-Indoleacrylic acid,C1=CC=C2C(=C1)C(=CN2)/C=C/C(=O)O,Organic compounds,Organoheterocyclic compounds,Indoles and derivatives,Indoles,Indoles,Simple indole alkaloids,Tryptophan alkaloids,Alkaloids
432,156.485001,197.068,CCMSLIB00000206017,Massbank: Aminophylline,[H]C([H])([H])N(C(=O)1)C(=O)c(n([H])2)c(nc([H])2)N(C([H])([H])[H])1,15.995,181.073,ZFXYFBGIUFBOJW,Organoheterocyclic compounds,0.8158,0.001,197.067,NOFNCLGCUJJPKU,CCMSLIB00006679631,"""1,7-DIMETHYLURIC ACID""",CN1C2=C(NC1=O)NC(=O)N(C2=O)C,Organic compounds,Organoheterocyclic compounds,Imidazopyrimidines,Purines and purine derivatives,Xanthines,Purine alkaloids,Pseudoalkaloids (transamidation),Alkaloids
390,173.839996,147.045,CCMSLIB00006422084,Isodemethylwedelolactone,O=C1OC=2C(O)=CC(O)=CC2C=3OC=4C=C(O)C(O)=CC4C13,153.985,301.03,OBEHELRBTWMPHI,Phenylpropanoids and polyketides,0.6241,0.0,147.045,ZYGHJZDHTFUPRJ,CCMSLIB00000215130,FIO00037 Coumarin,O=C1OC2=CC=CC=C2C=C1,Organic compounds,Phenylpropanoids and polyketides,Coumarins and derivatives,,Coumarins and derivatives,Simple coumarins,Coumarins,Shikimates and Phenylpropanoids
839,490.235016,467.153,CCMSLIB00003137233,Spectral Match to Baicalin from NIST14,,20.061,447.092,,,0.5309,192.083,275.07,QKNDCRMJDZLFEG,CCMSLIB00006384850,7-methoxy-2-phenyl-4H-chromen-4-one,O=C1C=C(OC2=CC(OC)=CC=C12)C=3C=CC=CC3,Organic compounds,Phenylpropanoids and polyketides,Flavonoids,O-methylated flavonoids,7-O-methylated flavonoids,Flavones,Flavonoids,Shikimates and Phenylpropanoids
408,66.576996,169.036,CCMSLIB00005883631,URATE - 50.0 eV,O=C1NC2=C(N1)C(=O)NC(=O)N2,0.0,169.036,LEHOTFFKMJEONL,Organoheterocyclic compounds,0.733,0.0,169.036,LEHOTFFKMJEONL,CCMSLIB00005883629,URATE - 30.0 eV,C12=C(NC(=O)N1)NC(=O)NC2=O,Organic compounds,Organoheterocyclic compounds,Imidazopyrimidines,Purines and purine derivatives,Xanthines,Purine alkaloids,Pseudoalkaloids (transamidation),Alkaloids
468,99.003006,218.139,CCMSLIB00003135497,Spectral Match to Acetyl-DL-carnitine from NIST14,CC(=O)OC(CC(=O)[O-])C[N+](C)(C)C,14.015999999999998,204.123,RDHQFKQIGNGIED,Lipids and lipid-like molecules,0.7843,0.0,218.139,UFAHZIUFPNSHSL,CCMSLIB00005885046,Propionylcarnitine - 50.00 eV,CCC(=O)O[C@H](CC(O)=O)C[N+](C)(C)C,Organic compounds,Lipids and lipid-like molecules,Fatty Acyls,Fatty acid esters,Acyl carnitines,Fatty acyl carnitines,Fatty esters,Fatty acids
682,151.556,327.07,CCMSLIB00005722188,"NCGC00180352-03!(2S,3S,4S,5R,6S)-6-(2,4-dihydroxy-3,6-diphenylphenoxy)-3,4,5-trihydroxyoxane-2-carboxylic acid [IIN-based on: CCMSLIB00000848542]",O[C@H]1[C@H](OC2=C(C=C(O)C(C3=CC=CC=C3)=C2O)C4=CC=CC=C4)O[C@@H]([C@@H](O)[C@@H]1O)C(O)=O,150.045,477.115,QQDLPJHEFJKVHT,Benzenoids,0.4868,175.049,502.119,LYGRISUQIZNHGM,CCMSLIB00000845145,"[(2R,3S,4S,5R,6S)-3,4,5-trihydroxy-6-(3,4,5-trihydroxybenzoyl)oxyoxan-2-yl]methyl 3,4,5-trihydroxybenzoate",O[C@H]1[C@H](O)[C@@H](COC(=O)C2=CC(O)=C(O)C(O)=C2)O[C@@H](OC(=O)C3=CC(O)=C(O)C(O)=C3)[C@@H]1O,Organic compounds,Phenylpropanoids and polyketides,Tannins,,Tannins,Gallotannins,Phenolic acids (C6-C1),Shikimates and Phenylpropanoids
484,146.613998,232.155,CCMSLIB00005738561,Massbank:RP025201 Acetyl-L-Carnitine|acetyl-d-carnitine|(3S)-3-acetyloxy-4-(trimethylazaniumyl)butanoate,CC(=O)O[C@@H](CC(=O)[O-])C[N+](C)(C)C,28.032,204.123,RDHQFKQIGNGIED,Lipids and lipid-like molecules,0.7852,0.001,232.154,QWYFHHGCZUCMBN,CCMSLIB00005745264,Butyryl carnitine (isomer of 919),CCCC(=O)O[C@H](CC([O-])=O)C[N+](C)(C)C,Organic compounds,Lipids and lipid-like molecules,Fatty Acyls,Fatty acid esters,Acyl carnitines,Fatty acyl carnitines,Fatty esters,Fatty acids
835,351.046997,463.158,CCMSLIB00006581973,Norwogonin 7-glucuronide,C1=CC=C(C=C1)C2=CC(=O)C3=C(O2)C(=C(C=C3O)OC4C(C(C(C(O4)C(=O)O)O)O)O)O,16.066,447.092,MOFOLNOWFPVLGZ,Phenylpropanoids and polyketides,0.5281,44.011,419.147,CARMWCSYOJNGRD,CCMSLIB00004692576,"[(1R,5S,6S)-3-(hydroxymethyl)-5-[(Z)-2-methylbut-2-enoyl]oxy-2-oxo-6-propan-2-ylcyclohex-3-en-1-yl] (E)-4-hydroxy-2-methylbut-2-enoate",C\C=C(\C)C(=O)O[C@H]1\C=C(\CO)C(=O)[C@H](OC(=O)\C(C)=C\CO)[C@H]1C(C)C,Organic compounds,Lipids and lipid-like molecules,Prenol lipids,Monoterpenoids,Menthane monoterpenoids,,,Terpenoids
655,428.190979,314.234,CCMSLIB00005885063,Octanoylcarnitine - 40.00 eV,CCCCCCCC(=O)O[C@H](CC(O)=O)C[N+](C)(C)C,26.017,288.217,CXTATJFJDMJMIY,Lipids and lipid-like molecules,0.5732,134.108,448.342,RBFQHRALHSUPIA,CCMSLIB00006581927,O-arachidonoylcarnitine,,,,,,,,,
875,507.742035,535.289,CCMSLIB00003137233,Spectral Match to Baicalin from NIST14,,88.197,447.092,,,0.409,64.019,471.27,STFFIQHUWFISBB,CCMSLIB00006437214,"Ingenol-5,20-acetonide-3-O-angelate",O=C(OC1C(=CC23C(=O)C(C=C4COC(OC4C12O)(C)C)C5C(CC3C)C5(C)C)C)C(=CC)C,,,,,,Ingenane diterpenoids; Tetracyclic diterpenoids,Diterpenoids,Terpenoids
759,231.406998,377.146,CCMSLIB00005738017,"Massbank:RP013103 Riboflavin|7,8-dimethyl-10-[(2S,3S,4R)-2,3,4,5-tetrahydroxypentyl]benzo[g]pteridine-2,4-dione",Cc1cc2nc3c(nc(=O)[nH]c3=O)n(C[C@H](O)[C@H](O)[C@H](O)CO)c2cc1C,0.0,377.146,AUNGANRZJHBGPY,Organoheterocyclic compounds,0.8411,0.0,377.146,AUNGANRZJHBGPY,CCMSLIB00005884516,RIBOFLAVIN - 30.0 eV,CC1=CC2=C(C=C1C)N(C3=NC(=O)NC(=O)C3=N2)C[C@@H]([C@@H]([C@@H](CO)O)O)O,Organic compounds,Organoheterocyclic compounds,Pteridines and derivatives,Alloxazines and isoalloxazines,Flavins,Phenazine alkaloids,Anthranilic acid alkaloids,Alkaloids
170,51.803997,114.064,CCMSLIB00000221102,"ReSpect:PT103610 Thymine|T|2,4-Dihydroxy-5-methylpyrimidine|5-Methyluracil|5-Methylpyrimidine-2,4-diol|5-methyl-1H-pyrimidine-2,4-dione",CC1=CNC(=O)NC1=O,12.987,127.051,RWQNBRDOKXIBIV,Organoheterocyclic compounds,0.409,321.231,435.295,SCABKEBYDRTODC,CCMSLIB00005767017,bis[2-(2-butoxyethoxy)ethyl] hexanedioate,CCCCOCCOCCOC(=O)CCCCC(=O)OCCOCCOCCCC,Organic compounds,Lipids and lipid-like molecules,Fatty Acyls,Fatty acid esters,Fatty acid esters,Triacylglycerols,Glycerolipids,Fatty acids
576,268.821014,272.186,CCMSLIB00005885057,Isovalerylcarnitine - 40.00 eV,CC(C)CC(=O)OC(CC([O-])=O)C[N+](C)(C)C,26.016,246.17,IGQBPDJNUXPEMT,Lipids and lipid-like molecules,0.7707,0.0,272.186,DOICJCCMIBBSOO,CCMSLIB00005738566,3-hydroxy-N-(2-oxooxolan-3-yl)decanamide,O=C1[C@@H](NC(CC(O)CCCCCCC)=O)CCO1,Organic compounds,Organic acids and derivatives,Carboxylic acids and derivatives,"Amino acids, peptides, and analogues",N-acyl-alpha amino acids and derivatives,Fatty acyl homoserine lactones,Fatty amides,Fatty acids
500,184.059006,244.155,CCMSLIB00005738101,Massbank:RP025502 Hexanoyl-L-Carnitine|L-Hexanoylcarnitine|(3R)-3-hexanoyloxy-4-(trimethylazaniumyl)butanoate,CCCCCC(=O)O[C@H](CC(=O)[O-])C[N+](C)(C)C,16.031,260.186,VVPRQWTYSNDTEA,Lipids and lipid-like molecules,0.5837,16.031,260.186,VVPRQWTYSNDTEA,CCMSLIB00005738101,(3R)-3-hexanoyloxy-4-(trimethylazaniumyl)butanoate,CCCCCC(=O)O[C@H](CC(=O)[O-])C[N+](C)(C)C,Organic compounds,Lipids and lipid-like molecules,Fatty Acyls,Fatty acid esters,Acyl carnitines,Fatty acyl carnitines,Fatty esters,Fatty acids
687,495.138,328.249,CCMSLIB00005885063,Octanoylcarnitine - 40.00 eV,CCCCCCCC(=O)O[C@H](CC(O)=O)C[N+](C)(C)C,40.032,288.217,CXTATJFJDMJMIY,Lipids and lipid-like molecules,0.5554,110.11,218.139,UFAHZIUFPNSHSL,CCMSLIB00005885044,Propionylcarnitine - 30.00 eV,CCC(=O)O[C@H](CC(O)=O)C[N+](C)(C)C,Organic compounds,Lipids and lipid-like molecules,Fatty Acyls,Fatty acid esters,Acyl carnitines,Fatty acyl carnitines,Fatty esters,Fatty acids
790,517.592957,405.153,CCMSLIB00005722188,"NCGC00180352-03!(2S,3S,4S,5R,6S)-6-(2,4-dihydroxy-3,6-diphenylphenoxy)-3,4,5-trihydroxyoxane-2-carboxylic acid [IIN-based on: CCMSLIB00000848542]",O[C@H]1[C@H](OC2=C(C=C(O)C(C3=CC=CC=C3)=C2O)C4=CC=CC=C4)O[C@@H]([C@@H](O)[C@@H]1O)C(O)=O,71.9624,477.115,QQDLPJHEFJKVHT,Benzenoids,0.409,112.034,517.187,XYPWCJWXFYYGPA,CCMSLIB00005721349,"10-methoxy-2,2-dimethylpyrano[3,2-g]chromen-8-one [IIN-based on: CCMSLIB00000847475]",COC1=C2OC(=O)C=CC2=CC3=C1OC(C)(C)C=C3,Organic compounds,Phenylpropanoids and polyketides,Coumarins and derivatives,Pyranocoumarins,Linear pyranocoumarins,Pyranocoumarins; Simple coumarins,Coumarins,Shikimates and Phenylpropanoids
851,318.516998,483.148,CCMSLIB00006581973,Norwogonin 7-glucuronide,C1=CC=C(C=C1)C2=CC(=O)C3=C(O2)C(=C(C=C3O)OC4C(C(C(C(O4)C(=O)O)O)O)O)O,36.056,447.092,MOFOLNOWFPVLGZ,Phenylpropanoids and polyketides,0.409,49.034,532.182,IFMCHYUDLRXNAO,CCMSLIB00006708790,"8-[(4-amino-6-morpholin-4-yl(1,3,5-triazin-2-yl))methoxy]-1,3-dimethyl-7-[(4-m ethylphenyl)methyl]-1,3,7-trihydropurine-2,6-dione",,,,,,,,,
756,263.880981,374.085,CCMSLIB00003139334,Spectral Match to Baicalin from NIST14,C1=CC=C(C=C1)C2=CC(=O)C3=C(C(=C(C=C3O2)O[C@H]4[C@@H]([C@H]([C@@H]([C@H](O4)C(=O)O)O)O)O)O)O,73.012,447.097,IKIIZLYTISPENI,Phenylpropanoids and polyketides,0.409,216.185,590.27,YLDBWOUPHZGCJG,CCMSLIB00006718039,Voruscharin,C[C@@H](CC12SCCN1)OC1OC(CC(CCC(C3CC[C@@]4(C)C(CC5)C(CO6)=CC6=O)[C@@]45O)[C@]3(C3)C=O)C3O[C@]12O,,,,,,Androstane steroids,Steroids,Terpenoids
616,378.549011,300.218,CCMSLIB00005885057,Isovalerylcarnitine - 40.00 eV,CC(C)CC(=O)OC(CC([O-])=O)C[N+](C)(C)C,54.048,246.17,IGQBPDJNUXPEMT,Lipids and lipid-like molecules,0.5292,54.048,246.17,IGQBPDJNUXPEMT,CCMSLIB00005885055,Isovalerylcarnitine - 20.00 eV,CC(C)CC(=O)OC(CC([O-])=O)C[N+](C)(C)C,Organic compounds,Lipids and lipid-like molecules,Fatty Acyls,Fatty acid esters,Acyl carnitines,Fatty acyl carnitines,Fatty esters,Fatty acids
874,485.330994,533.273,CCMSLIB00003138770,Spectral Match to Baicalin from NIST14,,86.181,447.092,,,0.5521,644.517,1177.79,HLFDBGBBWUJBTJ,CCMSLIB00006687490,"1,2,6,6,10,17,20-heptamethyl-12-oxo-17-(N-(2-pyridyl)carbamoyl)pentacyclo[12.8 .0.0<2,11>.0<5,10>.0<15,20>]docos-13-en-7-yl acetate",,,,,,,,,
406,109.215004,167.057,CCMSLIB00003136776,Spectral Match to Xanthine from NIST14,,14.014,153.043,,,0.8124,0.001,167.056,MVOYJPOZRLFTCP,CCMSLIB00006680921,1-METHYLXANTHINE,CN1C(=O)C2=C(NC1=O)N=CN2,Organic compounds,Organoheterocyclic compounds,Imidazopyrimidines,Purines and purine derivatives,Xanthines,Purine alkaloids,Pseudoalkaloids (transamidation),Alkaloids
535,403.571014,259.095,CCMSLIB00003135495,Spectral Match to Carboxyibuprofen from NIST14,,39.994,219.101,,,0.409,177.153,436.248,NWNQOAZCDWMOGB,CCMSLIB00006691742,(2E)-1-[2-(2-ethoxyphenyl)-6-hydroxy-3-azabicyclo[4.4.0]dec-3-yl]-3-(4-methoxy phenyl)prop-2-en-1-one,,,,,,,,,
802,398.629974,411.163,CCMSLIB00003138770,Spectral Match to Baicalin from NIST14,,35.929,447.092,,,0.409,282.257,693.42,XOIQMTLWECTKJL,CCMSLIB00006558382,"sodium (2S,3R,4S)-4-((2S,7S,8R,9S)-2-((2S,2'R,3'S,5R,5'R)-2-ethyl-5'-((2S,3S,5R,6R)-6-hydroxy-6-(hydroxymethyl)-3,5-dimethyltetrahydro-2H-pyran-2-yl)-3'-methyloctahydro-[2,2'-bifuran]-5-yl)-9-hydroxy- 2,8-dimethyl-1,6-dioxaspiro[4.5]decan-7-yl)-3-methoxy-2 -methylpentanoate",CCC1(CCC(O1)C2(CCC3(O2)CC(C(C(O3)C(C)C(C(C)C(=O)[O-])OC)C)O)C)C4C(CC(O4)C5C(CC(C(O5)(CO)O)C)C)C.[Na+],Organic compounds,Organic oxygen compounds,Organooxygen compounds,Ethers,Ketals,Polyether ionophores,Polyethers,Polyketides
720,435.912018,346.26,CCMSLIB00003139520,Spectral Match to Acetyl-L-carnitine from NIST14,CC(=O)O[C@H](CC(=O)[O-])C[N+](C)(C)C,142.137,204.123,RDHQFKQIGNGIED,Lipids and lipid-like molecules,0.5832,86.074,260.186,VVPRQWTYSNDTEA,CCMSLIB00005788025,Caproylcarnitine,CCCCCC(=O)O[C@H](CC(=O)[O-])C[N+](C)(C)C,Organic compounds,Lipids and lipid-like molecules,Fatty Acyls,Fatty acid esters,Acyl carnitines,Fatty acyl carnitines,Fatty esters,Fatty acids
425,84.144005,182.081,CCMSLIB00005883848,L-TYROSINE - 60.0 eV,N[C@@H](CC1=CC=C(O)C=C1)C(O)=O,0.0,182.081,OUYCCCASQSFEME,Organic acids and derivatives,0.8768,0.0,182.081,OUYCCCASQSFEME,CCMSLIB00000205785,Tyrosine,C1=CC(=CC=C1CC(C(=O)O)N)O,Organic compounds,Organic acids and derivatives,Carboxylic acids and derivatives,"Amino acids, peptides, and analogues",Tyrosine and derivatives,Aminoacids,Small peptides,Amino acids and Peptides
763,301.213989,387.163,CCMSLIB00000223351,"Massbank:TY000178 Baicalin|5,6-Dihydroxy-4-oxo-2-phenyl-4H-1-benzopyran-7-yl beta-D-glucopyranosiduronic acid|Baicalein 7-O-beta-D-glucuronide|Baicalein 7-glucuronide",OC(=O)[C@@H](O1)[C@@H](O)[C@H](O)[C@@H](O)[C@@H]1Oc(c2)c(O)c(O)c(C(=O)3)c(OC(c(c4)cccc4)=C3)2,59.926,447.089,IKIIZLYTISPENI,Phenylpropanoids and polyketides,0.409,54.888,442.051,DHICZUMVFNVYHU,CCMSLIB00006687541,"3-[(4-iodophenyl)amino]-1-(3,4,5-trimethoxyphenyl)propan-1-one",,,,,,,,,
487,691.518005,235.217,CCMSLIB00000841806,"MassbankEU:SM847401 Hexazinone|3-cyclohexyl-6-(dimethylamino)-1-methyl-1,3,5-triazine-2,4-dione",CN(C)C1=NC(=O)N(C2CCCCC2)C(=O)N1C,17.949,253.166,CAWXEEYDBZRFPE,Organic nitrogen compounds,0.409,298.119,533.336,STCOOQWBFONSKY,CCMSLIB00003139455,Tributyl phosphate,CCCCOP(=O)(OCCCC)OCCCC,Organic compounds,Organic acids and derivatives,Organic phosphoric acids and derivatives,Phosphate esters,Trialkyl phosphates,,Fatty acyls,Fatty acids
656,482.876984,316.249,CCMSLIB00005738777,Massbank:RP024902 Decanoyl-L-Carnitine|Decanoylcarnitine|3-decanoyloxy-4-(trimethylazaniumyl)butanoate,CCCCCCCCCC(=O)OC(CC(=O)[O-])C[N+](C)(C)C,0.00100708,316.248,LZOSYCMHQXPBFU,Lipids and lipid-like molecules,0.5292,98.11,218.139,UFAHZIUFPNSHSL,CCMSLIB00005885048,Propionylcarnitine - 70.00 eV,CCC(=O)O[C@H](CC(O)=O)C[N+](C)(C)C,Organic compounds,Lipids and lipid-like molecules,Fatty Acyls,Fatty acid esters,Acyl carnitines,Fatty acyl carnitines,Fatty esters,Fatty acids
591,48.289001,277.09,CCMSLIB00001058946,"Pesticide3_Chlorotoluron_C10H13ClN2O_Urea, N'-(3-chloro-4-methylphenyl)-N,N-dimethyl-",CC1=C(C=C(C=C1)NC(=O)N(C)C)Cl,42.029,235.061,JXCGFZXSOMJFOA,Benzenoids,0.409,332.094,609.184,FFMUDKAAAYNVQQ,CCMSLIB00006696271,4-hydroxy-3-[(4-hydroxy-2-oxo-8-phenyl(3-hydroquinolyl))(4-methylthiophenyl)me thyl]-1-phenylhydroquinolin-2-one,,,,,,,,,
482,79.194,229.155,CCMSLIB00008851507,229 TMAP based onhttps://pubs.acs.org/doi/abs/10.1021/acs.analchem.1c04378, ,0.000335693,229.155,,,0.3738,59.051,170.104,GCKLGRUZDXSATG,CCMSLIB00000207997,Prometon-Hydroxy-Desisopropyl,n(c(nc1NC(C)C)O)c(n1)N,Organic compounds,Organoheterocyclic compounds,Triazines,"1,3,5-triazines","1,3,5-triazines",,,Alkaloids
762,138.848999,384.115,CCMSLIB00005467722,Succinoadenosine, ,0.00500488,384.12,,,0.6322,514.049,898.164,JVNVHNHITFVWIX,CCMSLIB00000478637,cinnamoyl CoA,O=C(SCCNC(CCNC(C(C(C)(C)COP(OP(OCC1C(OP(O)(O)=O)C(O)C(N2C(N=CN=C3N)=C3N=C2)O1)(O)=O)(O)=O)O)=O)=O)/C=C/C4=CC=CC=C4,Organic compounds,Lipids and lipid-like molecules,Fatty Acyls,Fatty acyl thioesters,2-enoyl CoAs,Fatty acyl CoAs,Fatty esters,Fatty acids
396,34.143997,162.113,CCMSLIB00005738084,Massbank:RP022202 L-Carnitine|DL-Carnitine|3-hydroxy-4-(trimethylazaniumyl)butanoate,C[N+](C)(C)CC(CC(=O)[O-])O,0.0,162.113,PHIQHXFUZVPYII,Organic nitrogen compounds,0.6246,0.0,162.113,PHIQHXFUZVPYII,CCMSLIB00000222990,L-gamma-Trimethyl-beta-hydroxybutyrobetaine,C[N+](C)(C)C[C@H](O)CC([O-])=O,Organic compounds,Organic nitrogen compounds,Organonitrogen compounds,Quaternary ammonium salts,Carnitines,Fatty acyl carnitines,Fatty esters,Fatty acids
394,101.473999,153.066,CCMSLIB00005755265,Massbank: nicotinamide|pyridine-3-carboxamide,N=C(O)c1cccnc1,30.011,123.055,DFPAKSUCGFBDDF,Organoheterocyclic compounds,0.3459,168.036,321.102,LJKAKWDUZRJNPJ,CCMSLIB00000207748,"N-[4-[(4,6-dimethyl-2-pyrimidinyl)sulfamoyl]phenyl]acetamide",O=S(=O)(c1ccc(cc1)NC(=O)C)Nc1nc(cc(n1)C)C,Organic compounds,Benzenoids,Benzene and substituted derivatives,Benzenesulfonamides,Benzenesulfonamides,Pyridine alkaloids,Nicotinic acid alkaloids,Alkaloids
469,406.048981,219.102,CCMSLIB00003135495,Spectral Match to Carboxyibuprofen from NIST14,,0.00100708,219.101,,,0.7649,0.0,219.102,DIVLBIVDYADZPL,CCMSLIB00003137094,Carboxyibuprofen,CC(CC1=CC=C(C=C1)C(C)C(=O)O)C(=O)O,Organic compounds,Phenylpropanoids and polyketides,Phenylpropanoic acids,,Phenylpropanoic acids,,,Terpenoids
377,41.914997,144.103,CCMSLIB00006686170,NMDA,CN[C@H](CC(=O)O)C(=O)O,3.957,148.06,HOKKHZGPKSLGJE,Organic acids and derivatives,0.7413,0.003,144.1,IHLDCUQUFBWSJU,CCMSLIB00006536106,(2R)-6-methylpiperidine-2-carboxylic acid,O=C(O)C1NC(C)CCC1,Organic compounds,Organic acids and derivatives,Carboxylic acids and derivatives,"Amino acids, peptides, and analogues",Alpha amino acids,Aminoacids,Small peptides,Amino acids and Peptides
445,24.195999,203.224,CCMSLIB00005884404,SPERMINE - 50.0 eV,NCCCNCCCCNCCCN,0.000991821,203.223,PFNFFQXMRSDOHW,Organic nitrogen compounds,0.6917,0.0,203.224,PFNFFQXMRSDOHW,CCMSLIB00000221854,"N,N'-bis(3-aminopropyl)butane-1,4-diamine",NCCCNCCCCNCCCN,Organic compounds,Organic nitrogen compounds,Organonitrogen compounds,Amines,Dialkylamines,Polyamines,Ornithine alkaloids,Alkaloids
412,39.436001,171.077,CCMSLIB00006683964,3-HYDROXYMANDELIC ACID,C1=CC(=CC(=C1)C(C(=O)O)O)O,4.04199,167.035,OLSDAJRAVOVKLG,Benzenoids,0.2943,15.0,156.077,HNDVDQJCIGZPNO,CCMSLIB00005884166,L-HISTIDINE - 70.0 eV,C1=C(NC=N1)CC(C(=O)O)N,Organic compounds,Organic acids and derivatives,Carboxylic acids and derivatives,"Amino acids, peptides, and analogues",Histidine and derivatives,Aminoacids,Small peptides,Amino acids and Peptides
859,355.984009,497.141,CCMSLIB00005748224,Massbank:PR306892 Kaempferol-3-O-glucuronoside,OC1C(O)C(OC2=C(OC3=CC(O)=CC(O)=C3C2=O)C2=CC=C(O)C=C2)OC(C1O)C(O)=O,36.068000000000005,461.073,FNTJVYCFNVUBOL,Phenylpropanoids and polyketides,0.409,186.091,683.232,TVBJKPLTBPGHDJ,CCMSLIB00006531722,2''-O-rhamnosyl icariside II,O=C1C(OC2OC(C)C(O)C(O)C2OC3OC(C)C(O)C(O)C3O)=C(OC=4C1=C(O)C=C(O)C4CC=C(C)C)C=5C=CC(OC)=CC5,Organic compounds,Phenylpropanoids and polyketides,Flavonoids,Flavonoid glycosides,Flavonoid-3-O-glycosides,Flavonols,Flavonoids,Shikimates and Phenylpropanoids
590,46.867001,277.09,CCMSLIB00004696158,1-O-trans-cinnamoyl-beta-D-glucopyranose,O=C(/C=C/c1ccccc1)O[C@@H]1O[C@H](CO)[C@@H](O)[C@H](O)[C@H]1O,56.004,333.094,CJGRGYBLAHPYOM,Phenylpropanoids and polyketides,0.409,211.953,489.043,RYLHNOVXKPXDIP,CCMSLIB00005776910,"N-[[4-[2-chloro-4-(trifluoromethyl)phenoxy]-2-fluorophenyl]carbamoyl]-2,6-difluorobenzamide",C1=CC(=C(C(=C1)F)C(=O)NC(=O)NC2=C(C=C(C=C2)OC3=C(C=C(C=C3)C(F)(F)F)Cl)F)F,Organic compounds,Benzenoids,Benzene and substituted derivatives,N-phenylureas,N-benzoyl-N'-phenylureas,,,Polyketides
452,49.338001,212.104,CCMSLIB00005883989,1-METHYL-L-HISTIDINE - 40.0 eV,CN1C=NC(C[C@H](N)C(O)=O)=C1,42.012,170.092,BRMWTNUJHUMWMS,Organic acids and derivatives,0.3744,88.028,124.076,BHAAPTBBJKJZER,CCMSLIB00005764615,p-Anisidine,COC1=CC=C(N)C=C1,Organic compounds,Benzenoids,Phenol ethers,Aminophenyl ethers,Aminophenyl ethers,,,
343,71.478004,137.046,CCMSLIB00005883807,HYPOXANTHINE - 70.0 eV,OC1=NC=NC2=C1NC=N2,0.0,137.046,FDGQSTZJBFJUBT,Organoheterocyclic compounds,0.7424,0.0,137.046,JFZSDNLQDTYVEE,CCMSLIB00000215779,FIO00457 Allopurinol,O=c1[nH]cnc2c[nH]nc12,,,,,,Imidazole alkaloids,Histidine alkaloids,Alkaloids
753,333.759003,369.153,CCMSLIB00005722188,"NCGC00180352-03!(2S,3S,4S,5R,6S)-6-(2,4-dihydroxy-3,6-diphenylphenoxy)-3,4,5-trihydroxyoxane-2-carboxylic acid [IIN-based on: CCMSLIB00000848542]",O[C@H]1[C@H](OC2=C(C=C(O)C(C3=CC=CC=C3)=C2O)C4=CC=CC=C4)O[C@@H]([C@@H](O)[C@@H]1O)C(O)=O,107.962,477.115,QQDLPJHEFJKVHT,Benzenoids,0.409,131.999,501.152,KQQLSXWIDDTWRR,CCMSLIB00000845666,"7-(3,4-dihydroxyphenyl)-1-(4-hydroxyphenyl)-5-[(2S,3R,4S,5R)-3,4,5-trihydroxyoxan-2-yl]oxyheptan-3-one",O[C@@H]1CO[C@@H](OC(CCC2=CC=C(O)C(O)=C2)CC(=O)CCC3=CC=C(O)C=C3)[C@H](O)[C@H]1O,Organic compounds,Phenylpropanoids and polyketides,Diarylheptanoids,Linear diarylheptanoids,Linear diarylheptanoids,Linear diarylheptanoids,Diarylheptanoids,Shikimates and Phenylpropanoids
622,286.083008,304.212,CCMSLIB00003139520,Spectral Match to Acetyl-L-carnitine from NIST14,CC(=O)O[C@H](CC(=O)[O-])C[N+](C)(C)C,100.089,204.123,RDHQFKQIGNGIED,Lipids and lipid-like molecules,0.6041,124.161,428.373,FNPHNLNTJNMAEE,CCMSLIB00005738661,3-octadecanoyloxy-4-(trimethylazaniumyl)butanoate,CCCCCCCCCCCCCCCCCC(=O)OC(CC(=O)[O-])C[N+](C)(C)C,Organic compounds,Lipids and lipid-like molecules,Fatty Acyls,Fatty acid esters,Acyl carnitines,Fatty acyl carnitines,Fatty esters,Fatty acids
581,542.411987,274.275,CCMSLIB00005766958,Massbank:LU030802 Lauryldiethanolamine|2-[dodecyl(2-hydroxyethyl)amino]ethanol,CCCCCCCCCCCCN(CCO)CCO,0.00100708,274.274,NKFNBVMJTSYZDV,Organic nitrogen compounds,0.3459,53.111,327.386,JGFDZZLUDWMUQH,CCMSLIB00005774632,didecyl(dimethyl)azanium,,,,,,,,,
407,121.549004,167.057,CCMSLIB00005464484,CAFFEINE,CN1C=NC2=C1C(=O)N(C)C(=O)N2C,28.031,195.088,RYYVLZVUVIJVGH,Organoheterocyclic compounds,0.7334,0.001,167.056,MVOYJPOZRLFTCP,CCMSLIB00006680921,1-METHYLXANTHINE,CN1C(=O)C2=C(NC1=O)N=CN2,Organic compounds,Organoheterocyclic compounds,Imidazopyrimidines,Purines and purine derivatives,Xanthines,Purine alkaloids,Pseudoalkaloids (transamidation),Alkaloids
725,161.430008,348.07,CCMSLIB00005748553,Massbank:PR303169 Kaempferol-3-O-glucuronoside,O[C@@H]1[C@@H](O)[C@H](OC2=C(OC3=CC(O)=CC(O)=C3C2=O)C2=CC=C(O)C=C2)O[C@@H]([C@H]1O)C(O)=O,115.017,463.087,FNTJVYCFNVUBOL,Phenylpropanoids and polyketides,0.3459,50.069,298.001,BQCHYYSNTUWIHP,CCMSLIB00006702164,"ethyl 2-[(2,4-dichlorophenyl)carbonylamino]acetate",,,,,,,,,
450,273.76001,208.095,CCMSLIB00006697600,(S)-(-)-Perillic acid,C=C(C)C1CC=C(C(=O)O)CC1,40.9883,167.107,CDSMSBUVCWHORP,Lipids and lipid-like molecules,0.5527,38.075,246.17,IGQBPDJNUXPEMT,CCMSLIB00005885060,Isovalerylcarnitine - 70.00 eV,CC(C)CC(=O)OC(CC([O-])=O)C[N+](C)(C)C,Organic compounds,Lipids and lipid-like molecules,Fatty Acyls,Fatty acid esters,Acyl carnitines,Fatty acyl carnitines,Fatty esters,Fatty acids
491,141.339996,242.101,CCMSLIB00006685827,D-pantothenic acid,CC(C)(CO)C(O)C(O)=NCCC(=O)O,0.000991821,242.1,GHOKWGTUZJEAQD,Organic acids and derivatives,0.409,204.967,447.068,WVIMUEUQJFPNDK,CCMSLIB00005464524,CDP-ETHANOLAMINE,NCCOP(O)(=O)OP(O)(=O)OC[C@H]1O[C@H]([C@H](O)[C@@H]1O)N1C=CC(N)=NC1=O,Organic compounds,"Nucleosides, nucleotides, and analogues",Pyrimidine nucleotides,Pyrimidine ribonucleotides,CDP-ethanolamines,Pyrimidine nucleotides,Nucleosides,Carbohydrates
650,358.446014,310.202,CCMSLIB00005738777,Massbank:RP024902 Decanoyl-L-Carnitine|Decanoylcarnitine|3-decanoyloxy-4-(trimethylazaniumyl)butanoate,CCCCCCCCCC(=O)OC(CC(=O)[O-])C[N+](C)(C)C,6.04599,316.248,LZOSYCMHQXPBFU,Lipids and lipid-like molecules,0.5521,138.14,448.342,RBFQHRALHSUPIA,CCMSLIB00006581927,O-arachidonoylcarnitine,,,,,,,,,
852,515.11499,489.247,CCMSLIB00005464748,"""(2S,3S,4S,5R,6R)-6-(((3R,5R,7S,8R,9S,10S,13R,14S,17R)-17-((R)-1-carboxypropan-2-yl)-7-hydroxy-10,13-dimethylhexadecahydro-1H-cyclopenta[a]phenanthren-3-yl)oxy)-3,4,5-trihydroxytetrahydro-2H-pyran-2-carboxylic acid""",C[C@@H]([C@H]1CC[C@]2([H])[C@]1(C)CC[C@@]3([H])[C@@]2([H])[C@@H](O)C[C@@]4([H])[C@]3(C)CC[C@@H](O[C@]5([H])O[C@H](C(O)=O)[C@@H](O)[C@H](O)[C@H]5O)C4)CC(O)=O,88.051,577.298,SUURIJQKBCDQEB,Lipids and lipid-like molecules,0.5273,118.026,371.221,KCAICXOYUFVURO,CCMSLIB00000855414,"2,4-Dihydroxy-6-(hydroxymethyl)-3-[(6-hydroxy-1,2,5,5-tetramethyl-1,2,3,4,4a,5,6,7-octahydro-1-naphthalenyl)methyl]benzaldehyde",CC1CCC2\C(=C/CC(O)C2(C)C)C1(C)CC3=C(O)C(=C(CO)C=C3O)C=O,Organic compounds,Organic oxygen compounds,Organooxygen compounds,Carbonyl compounds,Hydroxybenzaldehydes,Halimane diterpenoids,Diterpenoids,Terpenoids
391,168.903,148.113,CCMSLIB00005770819,Massbank:NA002704 Nicotine|3-[(2S)-1-methylpyrrolidin-2-yl]pyridine,CN1CCC[C@H]1c2cccnc2,15.01,163.123,SNICXCGAKADSCV,Organoheterocyclic compounds,0.409,317.137,465.25,DRLFMBDRBRZALE,CCMSLIB00006699838,Melatonin,COC1=CC=C2C(C(CCNC(C)=O)=CN2)=C1,Organic compounds,Organoheterocyclic compounds,Indoles and derivatives,Indoles,3-alkylindoles,Simple indole alkaloids,Tryptophan alkaloids,Alkaloids
47,638.567993,102.128,CCMSLIB00006678396,5-VALEROLACTONE,C1CCOC(=O)C1,1.068,101.06,OZJPLYNZGCXSJM,Organoheterocyclic compounds,0.6232,0.0,102.128,BMVXCPBXGZKUPN,CCMSLIB00000222882,1-Hexanamine,CCCCCCN,Organic compounds,Organic nitrogen compounds,Organonitrogen compounds,Amines,Monoalkylamines,,,Fatty acids
810,512.643005,414.297,CCMSLIB00006584231,Ala-DCA,C[C@H](CCC(N[C@H](C(O)=O)C)=O)[C@H]1CC[C@@]2([H])[C@]3([H])CC[C@]4([H])C[C@H](O)CC[C@]4(C)[C@H]3C[C@H](O)[C@@]21C,14.019,428.316,UUMHESNLNMWIQK,,0.7171,132.025,546.322,HZENJHBNWVGDNH,CCMSLIB00006584771,Met-HDCA,,,,,,,,,
714,450.642029,338.234,CCMSLIB00005738777,Massbank:RP024902 Decanoyl-L-Carnitine|Decanoylcarnitine|3-decanoyloxy-4-(trimethylazaniumyl)butanoate,CCCCCCCCCC(=O)OC(CC(=O)[O-])C[N+](C)(C)C,21.986,316.248,LZOSYCMHQXPBFU,Lipids and lipid-like molecules,0.4887,186.145,524.379,GYUCMTKUEQLBJW,CCMSLIB00000847174,"19-hydroxy-18-[3,4,5-trihydroxy-6-(hydroxymethyl)oxan-2-yl]oxyicosanoic acid",CC(O)C(CCCCCCCCCCCCCCCCC(O)=O)OC1OC(CO)C(O)C(O)C1O,Organic compounds,Lipids and lipid-like molecules,Saccharolipids,,Saccharolipids,Fatty acyl glycosides of mono- and disaccharides,Fatty acyl glycosides,Fatty acids
392,154.016006,152.072,CCMSLIB00000223689,Massbank:UF409102 Acetaminophen|Acetaminophen|N-(4-hydroxyphenyl)acetamide,CC(=O)NC1=CC=C(O)C=C1,0.00100708,152.071,RZVAJINKPMORJF,Benzenoids,0.5486,27.996,124.076,BHAAPTBBJKJZER,CCMSLIB00005760149,p-Anisidine,COC1=CC=C(N)C=C1,Organic compounds,Benzenoids,Phenol ethers,Aminophenyl ethers,Aminophenyl ethers,,,
399,61.950001,164.069,CCMSLIB00006702260,2-Hydroxycinnamic acid,O=C(O)C=Cc1ccccc1O,1.02896,163.04,PMOWTIHVNWZYFI,Phenylpropanoids and polyketides,0.3775,30.048,194.117,VSDUZFOSJDMAFZ,CCMSLIB00005723433,Phenylalanine ethyl ester,COC(=O)C(N)Cc1ccccc1,Organic compounds,Organic acids and derivatives,Carboxylic acids and derivatives,"Amino acids, peptides, and analogues",Phenylalanine and derivatives,Aminoacids,Small peptides,Amino acids and Peptides
428,31.704,189.16,CCMSLIB00005755247,"Massbank: L-lysine|(2S)-2,6-diaminohexanoic acid",NCCCC[C@H](N)C(=O)O,42.047,147.113,KDXKERNSBIXSRK,Organic acids and derivatives,0.7187,0.0,189.16,MXNRLFUSFKVQSK,CCMSLIB00006681031,"""NEPSILON,NEPSILON,NEPSILON-TRIMETHYLLYSINE""",C[N+](C)(C)CCCCC(C(=O)[O-])N,Organic compounds,Organic acids and derivatives,Carboxylic acids and derivatives,"Amino acids, peptides, and analogues",Alpha amino acids,,,Alkaloids
490,96.521004,241.155,CCMSLIB00008851506,closest TMAP match from https://pubs.acs.org/doi/abs/10.1021/acs.analchem.1c04378, ,0.000152588,241.155,,,0.5538,38.016,203.139,RSIYBPVKRVHPQK,CCMSLIB00003134900,L-Alanyl-L-norleucine,CCCC[C@@H](C(=O)O)NC(=O)[C@H](C)N,Organic compounds,Organic acids and derivatives,Carboxylic acids and derivatives,"Amino acids, peptides, and analogues",Dipeptides,Dipeptides,Small peptides,Amino acids and Peptides
410,735.234985,169.977,CCMSLIB00004702192,Chaulmoogric Acid,O=C(O)CCCCCCCCCCCCC1C=CCC1,149.226,319.203,XMVQWNRDPAAMJB,Lipids and lipid-like molecules,0.3459,218.323,388.3,FTDHDKPUHBLBTL,CCMSLIB00000213078,2'-Deoxy-CDP,C1[C@@H]([C@H](O[C@H]1N2C=CC(=NC2=O)N)COP(=O)(O)OP(=O)(O)O)O,Organic compounds,Organic oxygen compounds,Organic oxoanionic compounds,Organic pyrophosphates,Organic pyrophosphates,Pyrimidine nucleotides,Nucleosides,Carbohydrates
422,181.594009,181.062,CCMSLIB00006678432,PICOLINIC ACID,C1=CC(=NC=C1)C(=O)O,57.023,124.039,SIOXPEMLGUPBBT,Organoheterocyclic compounds,0.3786,7.008,174.054,IVENSCMCQBJAKW,CCMSLIB00000841741,"6-chloro-2-N-ethyl-1,3,5-triazine-2,4-diamine",c1(nc(nc(n1)Cl)N)NCC,Organic compounds,Organoheterocyclic compounds,Triazines,Aminotriazines,"1,3,5-triazine-2,4-diamines",,,Alkaloids
483,133.903,232.028,CCMSLIB00005772347,Massbank:AU234001 Metolachlor CGA 368208|2-(2-ethyl-6-methylanilino)-2-oxoethanesulfonic acid,CCC1=CC=CC(C)=C1NC(=O)CS(O)(=O)=O,26.051,258.079,QPVPJECIHVSBLZ,Benzenoids,0.5319,61.935,170.093,BRMWTNUJHUMWMS,CCMSLIB00000426148,1-Methylhistidine,CN1C=NC(C[C@H](N)C(O)=O)=C1,Organic compounds,Organic acids and derivatives,Carboxylic acids and derivatives,"Amino acids, peptides, and analogues",Histidine and derivatives,Aminoacids,Small peptides,Amino acids and Peptides
864,368.65799,519.221,CCMSLIB00006684794,INDOXYL-BETA-GLUCURONIDE,C1=CC2=C(C=C1)NC=C2O[C@H]3[C@@H]([C@H]([C@@H]([C@@H](C(=O)O)O3)O)O)O,187.147,332.074,KUYNOZVWCFXSNE,Organic oxygen compounds,0.5523,592.109,1111.33,RYELKSRCVWRMQX,CCMSLIB00004703736,"methyl (4S,5Z,6S)-5-ethylidene-4-[2-[[(2R,3S,4R,5R,6R)-3-[2-[(2S,3Z,4S)-3-ethylidene-5-methoxycarbonyl-2-[(2S,3R,4S,5S,6R)-3,4,5-trihydroxy-6-(hydroxymethyl)oxan-2-yl]oxy-4H-pyran-4-yl]acetyl]oxy-4,5-dihydroxy-6-[2-(4-hydroxyphenyl)ethoxy]oxan-2-yl]methoxy]-2-oxoethyl]-6-[(2S,3R,4S,5S,6R)-3,4,5-trihydroxy-6-(hydroxymethyl)oxan-2-yl]oxy-4H-pyran-3-carboxylate",C/C=C1\[C@H](O[C@@H]2O[C@H](CO)[C@@H](O)[C@H](O)[C@H]2O)OC=C(C(=O)OC)[C@H]1CC(=O)OC[C@H]1O[C@@H](OCCc2ccc(O)cc2)[C@H](O)[C@@H](O)[C@@H]1OC(=O)C[C@@H]1C(C(=O)OC)=CO[C@@H](O[C@@H]2O[C@H](CO)[C@@H](O)[C@H](O)[C@H]2O)/C1=C\C,Organic compounds,Lipids and lipid-like molecules,Saccharolipids,,Saccharolipids,Secoiridoid monoterpenoids,Monoterpenoids,Terpenoids
342,248.711014,135.044,CCMSLIB00003135698,Spectral Match to 2-Hydroxy-3-methoxybenzyl alcohol from NIST14,COC1=CC=CC(=C1O)CO,2.015,137.059,OSZHSESNQIMXMZ,Benzenoids,0.6281,0.0,135.044,ZEYHEAKUIGZSGI,CCMSLIB00006708663,4-METHOXYBENZOIC ACID,COC1=CC=C(C=C1)C(O)=O,Organic compounds,Benzenoids,Benzene and substituted derivatives,Benzoic acids and derivatives,P-methoxybenzoic acids and derivatives,Simple phenolic acids,Phenolic acids (C6-C1),Shikimates and Phenylpropanoids
652,371.123993,312.218,CCMSLIB00005885057,Isovalerylcarnitine - 40.00 eV,CC(C)CC(=O)OC(CC([O-])=O)C[N+](C)(C)C,66.048,246.17,IGQBPDJNUXPEMT,Lipids and lipid-like molecules,0.6041,116.155,428.373,FNPHNLNTJNMAEE,CCMSLIB00006581937,O-stearoylcarnitine,CCCCCCCCCCCCCCCCCC(=O)OC(CC(=O)[O-])C[N+](C)(C)C,Organic compounds,Lipids and lipid-like molecules,Fatty Acyls,Fatty acid esters,Acyl carnitines,Fatty acyl carnitines,Fatty esters,Fatty acids
805,124.019997,413.124,CCMSLIB00006679879,ADENOSINE 5'-MONOPHOSPHATE,C([C@@H]1[C@H]([C@H]([C@H](N2C=NC3=C2N=CN=C3N)O1)O)O)OP(=O)(O)O,65.054,348.07,UDMBCSSLTHHNCD,"Nucleosides, nucleotides, and analogues",0.7546,7.554,405.57,ZSLZBFCDCINBPY,CCMSLIB00000216219,KNA00207 Acetyl-CoA|Acetyl coenzyme A,CC(SCCNC(CCNC(C(C(C)(C)COP(OP(OCC1C(OP(O)(O)=O)C(O)C(N2C(N=CN=C3N)=C3N=C2)O1)(O)=O)(O)=O)O)=O)=O)=O,Organic compounds,Lipids and lipid-like molecules,Fatty Acyls,Fatty acyl thioesters,Acyl CoAs,Fatty acyl CoAs,Fatty esters,Fatty acids
447,158.953995,207.102,CCMSLIB00006697600,(S)-(-)-Perillic acid,C=C(C)C1CC=C(C(=O)O)CC1,39.9953,167.107,CDSMSBUVCWHORP,Lipids and lipid-like molecules,0.409,346.34,553.442,FZSYYVOKNJZJTF,CCMSLIB00004709205,"2-(21-amino-3,20-dihydroxydocosan-2-yl)oxy-6-(hydroxymethyl)oxane-3,4,5-triol",CC(N)C(O)CCCCCCCCCCCCCCCCC(O)C(C)OC1OC(CO)C(O)C(O)C1O,Organic compounds,Lipids and lipid-like molecules,Fatty Acyls,Fatty acyl glycosides,Fatty acyl glycosides of mono- and disaccharides,Sphingoid bases,Spingolipids,Fatty acids
486,251.184998,232.986,CCMSLIB00005720269,p-Cresol sulfate, ,45.977,187.009,,,0.409,330.562,563.548,FATBGEAMYMYZAF,CCMSLIB00003135166,"9-Octadecenamide, (Z)-",CCCCCCCCC=CCCCCCCCC(=O)N,Organic compounds,Lipids and lipid-like molecules,Fatty Acyls,Fatty amides,Fatty amides,Primary amides,Fatty amides,Fatty acids
532,106.405998,257.113,CCMSLIB00005777992,Massbank:FIO00687 Adenosine,OC[C@@H](O1)[C@@H](O)[C@@H](O)[C@@H]1n(c3)c(n2)c(n3)c(N)nc2,10.991,268.104,OIRDTQYFTABQOQ,,0.409,235.998,493.111,IMEVJVISCHQJRM,CCMSLIB00005734309,"2-[[4-(dimethylamino)-6-(2,2,2-trifluoroethoxy)-s-triazin-2-yl]carbamoylsulfamoyl]-3-methyl-benzoic acid methyl ester",O=C(OC)c1cccc(c1S(=O)(=O)NC(=O)Nc2nc(nc(OCC(F)(F)F)n2)N(C)C)C,Organic compounds,Organic nitrogen compounds,Organonitrogen compounds,Sulfonylureas,S-triazinyl-2-sulfonylureas,,,Alkaloids
734,366.188995,352.209,CCMSLIB00003139214,Spectral Match to Palmitoylcarnitine from NIST14,,70.113,422.322,,,0.409,244.971,597.18,OMQADRGFMLGFJF,CCMSLIB00006381146,Eriocitrin,C[C@@H]1O[C@@H](OC[C@H]2O[C@@H](OC3=CC4=C(C(=O)CC(O4)C5=CC(O)=C(O)C=C5)C(O)=C3)[C@H](O)[C@@H](O)[C@@H]2O)[C@H](O)[C@H](O)[C@H]1O,Organic compounds,Phenylpropanoids and polyketides,Flavonoids,Flavonoid glycosides,Flavonoid-7-O-glycosides,Flavanones,Flavonoids,Shikimates and Phenylpropanoids
481,44.385998,229.119,CCMSLIB00003135124,Spectral Match to Pro-Ile from NIST14,,0.0359955,229.155,,,0.7156,0.001,229.118,DTSWLLBBGHRXQH,CCMSLIB00003139626,PyroGlu-Val,O=C(NC(C(O)=O)C(C)C)[C@H]1NC(CC1)=O,Organic compounds,Organic acids and derivatives,Carboxylic acids and derivatives,"Amino acids, peptides, and analogues",Dipeptides,Dipeptides,Small peptides,Amino acids and Peptides
568,193.938004,269.127,CCMSLIB00005765432,Massbank:LU068005 2-Amino-N-(1-methylethyl)benzamide|2-Amino-n-isopropylbenzamide|2-amino-N-propan-2-ylbenzamide,CC(C)NC(=O)C1=C(N)C=CC=C1,90.009,179.118,FWQYJOPJMIEKHZ,Benzenoids,0.4887,223.984,493.111,IMEVJVISCHQJRM,CCMSLIB00000566442,Triflusulfuron-methyl,O=C(OC)c1cccc(c1S(=O)(=O)NC(=O)Nc2nc(nc(OCC(F)(F)F)n2)N(C)C)C,Organic compounds,Organic nitrogen compounds,Organonitrogen compounds,Sulfonylureas,S-triazinyl-2-sulfonylureas,,,Alkaloids
523,111.681999,254.162,CCMSLIB00000005339,AmilorideHCl,,24.107,230.055,,,0.409,238.949,493.111,IMEVJVISCHQJRM,CCMSLIB00005733262,"2-[[4-(dimethylamino)-6-(2,2,2-trifluoroethoxy)-s-triazin-2-yl]carbamoylsulfamoyl]-3-methyl-benzoic acid methyl ester",O=C(OC)c1cccc(c1S(=O)(=O)NC(=O)Nc2nc(nc(OCC(F)(F)F)n2)N(C)C)C,Organic compounds,Organic nitrogen compounds,Organonitrogen compounds,Sulfonylureas,S-triazinyl-2-sulfonylureas,,,Alkaloids
536,243.770996,260.186,CCMSLIB00005885047,Propionylcarnitine - 60.00 eV,CCC(=O)O[C@H](CC(O)=O)C[N+](C)(C)C,42.047,218.139,UFAHZIUFPNSHSL,Lipids and lipid-like molecules,0.7707,0.0,260.186,VVPRQWTYSNDTEA,CCMSLIB00005738101,(3R)-3-hexanoyloxy-4-(trimethylazaniumyl)butanoate,CCCCCC(=O)O[C@H](CC(=O)[O-])C[N+](C)(C)C,Organic compounds,Lipids and lipid-like molecules,Fatty Acyls,Fatty acid esters,Acyl carnitines,Fatty acyl carnitines,Fatty esters,Fatty acids
421,179.908005,180.064,CCMSLIB00006678432,PICOLINIC ACID,C1=CC(=NC=C1)C(=O)O,56.025,124.039,SIOXPEMLGUPBBT,Organoheterocyclic compounds,0.409,327.914,507.978,VWGAYSCWLXQJBQ,CCMSLIB00000567871,Iodosulfuron-methyl,Cc2nc(NC(=O)NS(=O)(=O)c1cc(I)ccc1C(=O)OC)nc(OC)n2,Organic compounds,Organic nitrogen compounds,Organonitrogen compounds,Sulfonylureas,S-triazinyl-2-sulfonylureas,Pyridine alkaloids,Nicotinic acid alkaloids,Alkaloids
693,443.272003,331.217,CCMSLIB00005778231,Massbank:FIO00745 Tricin,COc(c1)c(O)c(OC)cc1C(=C2)Oc(c3)c(c(O)cc(O)3)C(=O)2,2.15002,329.067,HRGUSFBJBOKSML,Phenylpropanoids and polyketides,0.5832,10.954,342.171,DQCKKXVULJGBQN,CCMSLIB00005771481,Naltrexone,C1CC1CN2CC[C@]34[C@@H]5C(=O)CC[C@]3([C@H]2CC6=C4C(=C(C=C6)O)O5)O,Organic compounds,Benzenoids,Phenanthrenes and derivatives,,Phenanthrenes and derivatives,Isoquinoline alkaloids; Morphinan alkaloids,Tyrosine alkaloids,Alkaloids
750,462.905975,358.26,CCMSLIB00000849403,NCGC00380776-01_C16H24O7_,CC1(C)C2CCC1(C)C(C2)OC(=O)C(O)(CC(O)=O)CC(O)=O,12.074000000000002,346.186,OAWJOZQLMVETKE,Lipids and lipid-like molecules,0.409,454.219,812.479,AQLCKWUMMOZIEY,CCMSLIB00004695940,"1,2,6b,9,9,12a-hexamethyl-4a-[3,4,5-trihydroxy-6-(hydroxymethyl)oxan-2-yl]oxycarbonyl-10-(3,4,5-trihydroxy-6-methyloxan-2-yl)oxy-2,3,4,5,6,6a,7,8,8a,10,11,12,13,14b-tetradecahydro-1H-picene-6a-carboxylic acid",CC1CCC2(C(=O)OC3OC(CO)C(O)C(O)C3O)CCC3(C(=O)O)C(=CCC4C5(C)CCC(OC6OC(C)C(O)C(O)C6O)C(C)(C)C5CCC43C)C2C1C,Organic compounds,Lipids and lipid-like molecules,Prenol lipids,Terpene glycosides,Triterpene saponins,Ursane and Taraxastane triterpenoids,Triterpenoids,Terpenoids
395,732.786987,154.99,CCMSLIB00005883703,DIHYDROOROTATE - 50.0 eV,OC(=O)C1CC(=O)NC(=O)N1,4.04999,159.04,UFIVEPVSAGBUSI,Organic acids and derivatives,0.2939,248.315,403.305,KZBSIGKPGIZQJQ,CCMSLIB00005761791,Bis(2-butoxyethyl) sebacate,CCCCOCCOC(=O)CCCCCCCCC(=O)OCCOCCCC,Organic compounds,Lipids and lipid-like molecules,Fatty Acyls,Fatty acid esters,Fatty acid esters,Triacylglycerols; Wax monoesters,Glycerolipids; Fatty esters,Fatty acids
745,191.464005,354.155,CCMSLIB00000848415,"NCGC00347565-02![3-(4-hydroxy-3-methoxybenzoyl)-2,3-dimethyloxiran-2-yl]-(4-hydroxy-3-methoxyphenyl)methanone",COC1=CC(=CC=C1O)C(=O)C2(C)OC2(C)C(=O)C3=CC=C(O)C(OC)=C3,36.0,390.155,ZDJWTWORZULMCQ,,0.5281,101.069,253.086,XRQSPUXANRGDAV,CCMSLIB00005722753,5-methoxy-2-phenylchromen-4-one [IIN-based: Match],COC1=CC=CC2=C1C(=O)C=C(O2)C3=CC=CC=C3,Organic compounds,Phenylpropanoids and polyketides,Flavonoids,O-methylated flavonoids,5-O-methylated flavonoids,Flavones,Flavonoids,Shikimates and Phenylpropanoids
814,320.993988,421.147,CCMSLIB00004710951,"(2S,3S,4S,5R,6R)-6-(3-benzoyloxy-2-hydroxypropoxy)-3,4,5-trihydroxyoxane-2-carboxylic acid",O=C(OCC(O)CO[C@@H]1O[C@H](C(=O)O)[C@@H](O)[C@H](O)[C@H]1O)c1ccccc1,26.052,395.095,DLZMKPZOEYKXHQ,Organic oxygen compounds,0.4476,116.045,305.102,IPUBQCBQSUVXEV,CCMSLIB00005721382,"(9-hydroxy-8,8-dimethyl-2-oxo-9,10-dihydropyrano[2,3-f]chromen-10-yl) acetate [IIN-based on: CCMSLIB00000847853]",CC(=O)OC1C(O)C(C)(C)OC2=CC=C3C=CC(=O)OC3=C12,Organic compounds,Phenylpropanoids and polyketides,Coumarins and derivatives,Pyranocoumarins,Angular pyranocoumarins,Pyranocoumarins,Coumarins,Shikimates and Phenylpropanoids
713,415.885986,336.217,CCMSLIB00005885059,Isovalerylcarnitine - 60.00 eV,CC(C)CC(=O)OC(CC([O-])=O)C[N+](C)(C)C,90.04700000000001,246.17,IGQBPDJNUXPEMT,Lipids and lipid-like molecules,0.409,385.123,721.34,OFSZOCPGPLMCBG,CCMSLIB00006430342,"4-((10R,13R)-3-(((2R,3R,4S,6R)-3,4-dihydroxy-6-methyl-5-(((3R,4S,5S,6R)-3,4,5-trihydroxy-6-(hydroxymethyl)tetrahydro-2H-pyran-2-yl)oxy)tetrahydro-2H-pyran-2-yl)oxy)-14-hydroxy-10-(hydroxymethyl)-13-methylhexadecahydro-1H-cyclopenta[a]phenanthren-17-yl)furan-2(5H)-one",O=C1OCC(=C1)C2CCC3(O)C4CCC5CC(OC6OC(C)C(OC7OC(CO)C(O)C(O)C7O)C(O)C6O)CCC5(CO)C4CCC23C,Organic compounds,Lipids and lipid-like molecules,Steroids and steroid derivatives,Steroid lactones,Cardenolide glycosides and derivatives,Cardenolides,Steroids,Terpenoids
811,574.197021,416.315,CCMSLIB00005465181,"""N-((4R)-4-((3R,5S,9S,10S,13R,14S,17R)-3-hydroxy-10,13-dimethylhexadecahydro-1H-cyclopenta[a]phenanthren-17-yl)pentanoyl)-N-methylglycine""",[H][C@@]12CC[C@@]3(C[C@H](O)CC[C@]3(C)[C@H]1CC[C@@]4(C)[C@H]2CC[C@@H]4[C@@H](CCC(N(C)CC(O)=O)=O)C)[H],14.015999999999998,430.331,PPDYNVKBDBQLEM,Lipids and lipid-like molecules,0.5529,461.361,877.676,PBXYLMVLLSYZLN,CCMSLIB00005465313,"""(3R,5S,7R,8R,9S,10S,12S,13R,14S,17R)-17-((2R,5R)-5,7-dihydroxyheptan-2-yl)-10,13-dimethylhexadecahydro-1H-cyclopenta[a]phenanthrene-3,7,12-triol""",O[C@@H](C1)CC[C@@]2(C)[C@]1([H])C[C@@H](O)[C@]3([H])[C@]2([H])C[C@H](O)[C@@]4(C)[C@@]3([H])CC[C@@]4([C@H](C)CC[C@@H](O)CCO)[H],Organic compounds,Lipids and lipid-like molecules,Steroids and steroid derivatives,"Bile acids, alcohols and derivatives","Tetrahydroxy bile acids, alcohols and derivatives",Cholestane steroids,Steroids,Terpenoids
502,119.080994,247.129,CCMSLIB00003134601,Spectral Match to L-.gamma.-Glutamyl-L-glutamic Acid from NIST14,,29.973000000000003,277.102,,,0.5279,58.005,189.124,DTERQYGMUDWYAZ,CCMSLIB00000427011,N6-Acetyl-L-lysine,CC(=O)NCCCC[C@H](C(=O)O)N,Organic compounds,Organic acids and derivatives,Carboxylic acids and derivatives,"Amino acids, peptides, and analogues",D-alpha-amino acids,Aminoacids,Small peptides,Amino acids and Peptides
433,157.623993,197.068,CCMSLIB00006363645,Caffeine,O=C1C2=C(N=CN2C)N(C(=O)N1C)C,1.978,195.09,RYYVLZVUVIJVGH,Organoheterocyclic compounds,0.5279,31.03,228.098,CKTSBUTUHBMZGZ,CCMSLIB00006679600,DEOXYCYTIDINE,NC1=NC(=O)N(C=C1)[C@H]1C[C@H](O)[C@@H](CO)O1,Organic compounds,"Nucleosides, nucleotides, and analogues",Pyrimidine nucleosides,Pyrimidine 2'-deoxyribonucleosides,Pyrimidine 2'-deoxyribonucleosides,Pyrimidine nucleosides,Nucleosides,Carbohydrates
436,163.916,200.106,CCMSLIB00003138367,Spectral Match to 3-Indoleacrylic acid from NIST14,,12.036,188.07,,,0.3459,114.879,314.985,ICUTUKXCWQYESQ,CCMSLIB00000213029,"1-(4-chlorophenyl)-3-(3,4-dichlorophenyl)urea",Clc2ccc(NC(=O)Nc1ccc(Cl)cc1)cc2Cl,Organic compounds,Benzenoids,Benzene and substituted derivatives,Halobenzenes,Dichlorobenzenes,,,Shikimates and Phenylpropanoids
692,363.720978,330.228,CCMSLIB00003138274,"Spectral Match to 1,2-Dioctanoyl-sn-glycerol from NIST14",CCCCCCCC(=O)OC[C@H](CO)OC(=O)CCCCCCC,2.97598,327.252,ZQBULZYTDGUSSK,Lipids and lipid-like molecules,0.409,206.188,536.416,FZSYYVOKNJZJTF,CCMSLIB00005722464,"2-(21-amino-3,20-dihydroxydocosan-2-yl)oxy-6-(hydroxymethyl)oxane-3,4,5-triol [IIN-based: Match]",CC(N)C(O)CCCCCCCCCCCCCCCCC(O)C(C)OC1OC(CO)C(O)C(O)C1O,Organic compounds,Lipids and lipid-like molecules,Fatty Acyls,Fatty acyl glycosides,Fatty acyl glycosides of mono- and disaccharides,Sphingoid bases,Spingolipids,Fatty acids
719,311.083008,344.244,CCMSLIB00005738495,Massbank:RP024903 Decanoyl-L-Carnitine|Decanoylcarnitine|3-decanoyloxy-4-(trimethylazaniumyl)butanoate,CCCCCCCCCC(=O)OC(CC(=O)[O-])C[N+](C)(C)C,27.996,316.248,LZOSYCMHQXPBFU,Lipids and lipid-like molecules,0.4887,273.133,617.377,KSQUXZFVIOCIHF,CCMSLIB00005721378,"(2R,3S,4S,5R,6R)-2-(hydroxymethyl)-6-(3-hydroxy-6-methylheptoxy)oxane-3,4,5-triol [IIN-based on: CCMSLIB00000845933]",CC(C)CCC(O)CCO[C@@H]1O[C@H](CO)[C@@H](O)[C@H](O)[C@H]1O,Organic compounds,Lipids and lipid-like molecules,Fatty Acyls,Fatty acyl glycosides,Fatty acyl glycosides of mono- and disaccharides,Fatty acyl glycosides of mono- and disaccharides,Fatty acyl glycosides,Fatty acids
854,271.287994,495.242,CCMSLIB00003136381,Spectral Match to Egtazic acid from NIST14,,92.109,403.133,,,0.409,58.056,437.186,WZYGIALDVOKLLL,CCMSLIB00005489872,"7b,9-Dihydroxy-3-(hydroxymethyl)-1,1,6,8-tetramethyl-5-oxo-1,1a,1b,4,4a,5,7a,7b,8,9-decahydro-9aH-cyclopropa[3,4]benzo[1,2-e]azulen-9a-yl acetate [IIN-based on: CCMSLIB00000853386]",CC1C(O)C2(OC(C)=O)C(C3\C=C(CO)/CC4C(\C=C(C)/C4=O)C13O)C2(C)C,Organic compounds,Lipids and lipid-like molecules,Prenol lipids,Diterpenoids,Tigliane and ingenane diterpenoids,Tetracyclic diterpenoids; Tigliane diterpenoids,Diterpenoids,Terpenoids
640,341.199982,308.184,CCMSLIB00003139214,Spectral Match to Palmitoylcarnitine from NIST14,,114.138,422.322,,,0.4887,235.616,543.8,FSQZQWOYDZGVRV,CCMSLIB00005435914,[Val9]-moroidin,CC(C)C1C(C(NC(CC(C)C)C(NC(C(C)C)C(NC(C(NC(C(NCC(NC(CC2=CN3C=N2)C(NC(C(C)C)C(O)=O)=O)=O)=O)CCCNC(N)=N)=O)CC4=C3NC5=C4C=CC1=C5)=O)=O)=O)NC(C6NC(CC6)=O)=O,Organic compounds,Organic acids and derivatives,Carboxylic acids and derivatives,"Amino acids, peptides, and analogues",Oligopeptides,Cyclic peptides,Oligopeptides,Amino acids and Peptides
785,455.550018,403.194,CCMSLIB00005723874,h_211_stanozolol_3'oh_o_glucuronide,C[C@](O)(CC1)[C@@]2(C)[C@@H]1[C@H](CC[C@@H]3[C@]4(C)CC5=C(OC6C(O)C(O)C(O)C(C(O)=O)O6)NN=C5C3)[C@@H]4CC2,118.092,521.286,MKNGATFAUPNAHP,Lipids and lipid-like molecules,0.4893,106.061,509.255,UQWXAEVMTJFVFA,CCMSLIB00005716574,KU036-11-4,,,,,,,,,
546,89.098,262.039,CCMSLIB00006679704,OCTOPAMINE,C1=C(C=CC(=C1)O)[C@H](CN)O,107.953,154.086,QHGUCRYDKWKLMG,Benzenoids,0.5545,108.011,370.05,FYWLYWMEGHCZAX,CCMSLIB00006389082,"sodium ((2R,3S,4R,5R)-5-(6-amino-9H-purin-9-yl)-3,4-dihydroxytetrahydrofuran-2-yl)methyl hydrogenphosphate",[Na+].O=P([O-])(O)OCC1OC(N2C=NC=3C(=NC=NC32)N)C(O)C1O,,,,,,Purine nucleos(t)ides,Nucleosides,Carbohydrates
681,408.510986,326.196,CCMSLIB00004684227,DL-Lauroylcarnitine,CCCCCCCCCCCCCCCC(OC(C[N+](C)(C)C)CC(O)=O)=O,18.084,344.28,XOMRRQXKHMYMOC,Lipids and lipid-like molecules,0.5774,32.999,293.197,HEGSGKPQLMEBJL,CCMSLIB00003138126,n-Octyl .beta.-D-glucopyranoside,CCCCCCCCO[C@@H]1O[C@H](CO)[C@@H](O)[C@H](O)[C@H]1O,Organic compounds,Lipids and lipid-like molecules,Fatty Acyls,Fatty acyl glycosides,Fatty acyl glycosides of mono- and disaccharides,Fatty acyl glycosides of mono- and disaccharides,Fatty acyl glycosides,Fatty acids
703,143.807999,334.113,CCMSLIB00006579350,"(2R,3R,4S,5R)-2-(6-amino-9H-purin-9-yl)-5-(hydroxymethyl)tetrahydrofuran-3,4-diol",OCC1OC(N2C=NC=3C(=NC=NC32)N)C(O)C1O,66.003,268.11,OIRDTQYFTABQOQ,,0.409,105.044,439.157,CGZNTHDUAFIKOH,CCMSLIB00004699079,"(2S,3R,4S,5R)-2-[(2R,3R,4S,5S,6R)-4,5-dihydroxy-6-(hydroxymethyl)-2-(2-phenylethoxy)oxan-3-yl]oxyoxane-3,4,5-triol",OC[C@H]1O[C@@H](OCCC2=CC=CC=C2)[C@H](O[C@@H]3OC[C@@H](O)[C@H](O)[C@H]3O)[C@@H](O)[C@@H]1O,Organic compounds,Organic oxygen compounds,Organooxygen compounds,Carbohydrates and carbohydrate conjugates,O-glycosyl compounds,Phenylethanoids,Phenylethanoids (C6-C2),Shikimates and Phenylpropanoids
724,388.419006,347.222,CCMSLIB00004719902,Cortisone,C[C@]12CC(=O)[C@H]3[C@@H](CCC4=CC(=O)CC[C@@]43C)[C@@H]1CC[C@]2(O)C(=O)CO,13.979,361.201,MFYSYFVPBJMHGN,Lipids and lipid-like molecules,0.6203,0.0,347.222,OMFXVFTZEKFJBZ,CCMSLIB00000566796,4-Pregnene-11 Corticosteron,C[C@@]12C[C@H](O)[C@H]3[C@@H](CCC4=CC(=O)CC[C@]34C)[C@@H]2CC[C@@H]1C(=O)CO,Organic compounds,Lipids and lipid-like molecules,Steroids and steroid derivatives,Hydroxysteroids,21-hydroxysteroids,Pregnane steroids,Steroids,Terpenoids
431,188.997009,195.087,CCMSLIB00005884023,CAFFEINE - 20.0 eV,CN1C=NC2=C1C(=O)N(C)C(=O)N2C,0.000991821,195.088,RYYVLZVUVIJVGH,Organoheterocyclic compounds,0.6194,0.0,195.087,RYYVLZVUVIJVGH,CCMSLIB00000845166,"1,3,7-trimethylpurine-2,6-dione",CN1C(N(C)C(N=CN2C)=C2C1=O)=O,Organic compounds,Organoheterocyclic compounds,Imidazopyrimidines,Purines and purine derivatives,Xanthines,Purine alkaloids,Pseudoalkaloids (transamidation),Alkaloids
415,91.568001,174.124,CCMSLIB00006684062,4-GUANIDINOBUTANOIC ACID,C(CC(=O)O)CNC(=N)N,28.032,146.092,TUHVEAJXIMEOSA,Organic acids and derivatives,0.3504,287.21,461.334,MDSUKZSLOATHMH,CCMSLIB00003136729,Leu-Val,CC(C)C[C@@H](C(=O)N[C@@H](C(C)C)C(=O)O)N,Organic compounds,Organic acids and derivatives,Carboxylic acids and derivatives,"Amino acids, peptides, and analogues",Dipeptides,Dipeptides,Small peptides,Amino acids and Peptides
885,395.821014,595.348,CCMSLIB00001059689,Stercobilin,CCC1C(C(=O)NC1CC2=NC(=CC3=C(C(=C(N3)CC4C(C(C(=O)N4)CC)C)C)CCC(=O)O)C(=C2C)CCC(=O)O)C,0.00195312,595.35,TYOWQSLRVAUSMI,Organoheterocyclic compounds,0.409,19.058,576.29,CXVOPJQBVVUOTC,CCMSLIB00006428991,"4-((9S)-10-((E)-((2,3-dimethoxybenzyl)imino)methyl)-3,5,14-trihydroxy-13-methylhexadecahydro-1H-cyclopenta[a]phenanthren-17-yl)furan-2(5H)-one",O=C1OCC(=C1)C2CCC3(O)C4CCC5(O)CC(O)CCC5(C=NCC=6C=CC=C(OC)C6OC)C4CCC23C,Organic compounds,Lipids and lipid-like molecules,Steroids and steroid derivatives,Steroid lactones,Cardenolides and derivatives,Cardenolides,Steroids,Terpenoids
488,103.942001,239.101,CCMSLIB00003139884,Spectral Match to (+)-.gamma.-Tocopherol from NIST14,CC1=C(C=C2CC[C@@](OC2=C1C)(C)CCC[C@H](C)CCC[C@H](C)CCCC(C)C)O,178.27,417.371,QUEDXNHFTDJVIY,Lipids and lipid-like molecules,0.409,251.107,490.208,QZZMDINWSWWNKM,CCMSLIB00005719805,Glomellic acid,Oc1c(C(=O)Oc2cc(O)c(C(=O)O)c(CC(=O)CCC)c2)c(CC(=O)CCC)cc(OC)c1,Organic compounds,Phenylpropanoids and polyketides,Depsides and depsidones,,Depsides and depsidones,Depsides and depsidones,Aromatic polyketides,Polyketides
458,26.707001,214.919,CCMSLIB00000213717,Massbank:FIO00081 Aesculetin,O=C(C=2)Oc(c1)c(C2)cc(O)c(O)1,35.885,179.034,ILEDWLMCKZNDJK,Phenylpropanoids and polyketides,0.409,286.241,501.16,FCIZPHNZRNLUJD,CCMSLIB00004699057,"6-methoxy-7-[3,4,5-trihydroxy-6-[(3,4,5-trihydroxy-6-methyloxan-2-yl)oxymethyl]oxan-2-yl]oxychromen-2-one",COC1=C(OC2OC(COC3OC(C)C(O)C(O)C3O)C(O)C(O)C2O)C=C4OC(=O)C=CC4=C1,Organic compounds,Phenylpropanoids and polyketides,Coumarins and derivatives,Coumarin glycosides,Coumarin glycosides,Simple coumarins,Coumarins,Shikimates and Phenylpropanoids
426,11.927999,182.985,CCMSLIB00005883700,DIHYDROOROTATE - 20.0 eV,OC(=O)C1CC(=O)NC(=O)N1,23.945,159.04,UFIVEPVSAGBUSI,Organic acids and derivatives,0.3041,40.888,142.097,ZQISRDCJNBUVMM,CCMSLIB00005884630,L-HISTIDINOL - 30.0 eV,N[C@H](CO)CC1=CN=CN1,Organic compounds,Organic nitrogen compounds,Organonitrogen compounds,Amines,Aralkylamines,Imidazole alkaloids,Histidine alkaloids,Alkaloids
716,308.610992,342.228,CCMSLIB00003139164,Spectral Match to Oleoyl L-carnitine from NIST14,,84.12899999999999,426.357,,,0.5521,172.026,514.254,VQFBAKAPQDNJNU,CCMSLIB00005722929,"5-[5-[3,4-dihydroxy-5-(hydroxymethyl)oxolan-2-yl]oxy-3-hydroxy-6-methyloctanoyl]oxy-3-hydroxy-6-methyloctanoic acid [IIN-based on: CCMSLIB00000849069]",CCC(C)C(CC(O)CC(=O)OC(CC(O)CC(O)=O)C(C)CC)OC1OC(CO)C(O)C1O,Organic compounds,Organic oxygen compounds,Organooxygen compounds,Carbohydrates and carbohydrate conjugates,O-glycosyl compounds,,Linear polyketides,Polyketides
464,54.264,217.13,CCMSLIB00003134488,Spectral Match to N-.alpha.-Acetyl-L-arginine from NIST14,,0.0,217.13,,,0.7608,0.012,217.118,QOLYAJSZHIJCTO,CCMSLIB00003136952,Thr-Pro,C[C@H]([C@@H](C(=O)N1CCC[C@H]1C(=O)O)N)O,Organic compounds,Organic acids and derivatives,Carboxylic acids and derivatives,"Amino acids, peptides, and analogues",Dipeptides,Dipeptides,Small peptides,Amino acids and Peptides
707,448.472015,336.215,CCMSLIB00005738771,Massbank:RP025602 Stearoyl-L-Carnitine|stearoylcarnitine|3-octadecanoyloxy-4-(trimethylazaniumyl)butanoate,CCCCCCCCCCCCCCCCCC(=O)OC(CC(=O)[O-])C[N+](C)(C)C,92.158,428.373,FNPHNLNTJNMAEE,Lipids and lipid-like molecules,0.5529,276.086,612.301,GFFOBQNFESRPJR,CCMSLIB00000853905,"1,7-Bis(4-hydroxyphenyl)-3-heptanyl 2-O-[(2S,3R,4R)-3,4-dihydroxy-4-(hydroxymethyl)tetrahydro-2-furanyl]-beta-D-glucopyranoside",OC[C@H]1O[C@@H](OC(CCCCC2=CC=C(O)C=C2)CCC3=CC=C(O)C=C3)[C@H](O[C@@H]4OC[C@](O)(CO)[C@H]4O)[C@@H](O)[C@@H]1O,Organic compounds,Phenylpropanoids and polyketides,Diarylheptanoids,Linear diarylheptanoids,Linear diarylheptanoids,Linear diarylheptanoids,Diarylheptanoids,Shikimates and Phenylpropanoids
862,529.848022,515.224,CCMSLIB00005464879,"""(2S,3S,4S,5R,6R)-6-(((3R,5R,7R,8R,9S,10S,13R,14S,17R)-17-((R)-4-carboxybutan-2-yl)-7-hydroxy-10,13-dimethylhexadecahydro-1H-cyclopenta[a]phenanthren-3-yl)oxy)-3,4,5-trihydroxytetrahydro-2H-pyran-2-carboxylic acid""",C[C@@H]([C@H]1CC[C@]2([H])[C@]1(C)CC[C@@]3([H])[C@@]2([H])[C@H](O)C[C@@]4([H])[C@]3(C)CC[C@@H](O[C@]5([H])O[C@H](C(O)=O)[C@@H](O)[C@H](O)[C@H]5O)C4)CCC(O)=O,76.09,591.314,GDNGOAUIUTXUES,Lipids and lipid-like molecules,0.4887,25.985,489.239,OLZQIITXGLOYDE,CCMSLIB00000080199,,CC(=CCOc1ccc2c(C)c(CC(=O)N3C[C@H]4C[C@@H](C3)c5cccc(=O)n5C4)c(=O)oc2c1C)C,Organic compounds,Alkaloids and derivatives,Lupin alkaloids,Cytisine and derivatives,Cytisine and derivatives,Simple coumarins,Coumarins,Shikimates and Phenylpropanoids
570,195.639999,269.127,CCMSLIB00005774020,"Massbank:AU353905 Metazachlor|2-chloro-N-(2,6-dimethylphenyl)-N-(pyrazol-1-ylmethyl)acetamide",CC1=CC=CC(C)=C1N(CN1C=CC=N1)C(=O)CCl,8.978,278.105,STEPQTYSZVCJPV,Benzenoids,0.409,193.958,463.085,OLVCFLKTBJRLHI,CCMSLIB00006697579,"7-(2-hydroxy-2-phenylacetylamino)-3-[(1-methyl(1,2,3,4-tetraazol-5-ylthio))met hyl]-6-oxo-2H,7H,7aH-azetidino[2,1-b]1,3-thiazine-4-carboxylic acid",,,,,,,,,
387,636.69397,144.982,CCMSLIB00005733881,"Massbank:EQ301104 Acetazolamide|AZM|N-(5-sulfamoyl-1,3,4-thiadiazol-2-yl)acetamide",O=S(=O)(c1nnc(s1)NC(=O)C)N,78.013,222.995,BZKPWHYZMXOIDC,Organoheterocyclic compounds,0.409,633.558,778.54,XXKFQTJOJZELMD,CCMSLIB00003137019,"1,2-Di-(9Z,12Z,15Z-octadecatrienoyl)-sn-glycero-3-phosphocholine",CC/C=C\C/C=C\C/C=C\CCCCCCCC(=O)OC[C@H](COP(=O)([O-])OCC[N+](C)(C)C)OC(=O)CCCCCCC/C=C\C/C=C\C/C=C\CC,Organic compounds,Lipids and lipid-like molecules,Glycerophospholipids,Glycerophosphocholines,Phosphatidylcholines,Glycerophosphocholines,Glycerophospholipids,Fatty acids
467,149.649002,218.044,CCMSLIB00006700868,"N-[2-(2-methylindol-3-yl)ethyl]-2-(2,3,5,6-tetrafluorophenoxy)acetamide",Cc1[nH]c2ccccc2c1CCN=C(O)COc1c(F)c(F)cc(F)c1F,163.078,381.122,SCLHUQNHVPZCHR,Organoheterocyclic compounds,0.5546,153.029,371.073,WQVBIOASHIQGLA,CCMSLIB00006703439,"(2-chloro-4,5-difluorophenyl)-N-[2-(2-methylindol-3-yl)ethyl]carboxamide",,,,,,,,,
606,216.223999,287.104,CCMSLIB00006684337,PHENYLACETYL-GLUTAMINE,C1=CC=C(C=C1)C/C(=N/[C@@H](CCC(=N)O)C(=O)O)/O,21.986,265.118,JFLIEFSWGNOPJJ,Organic acids and derivatives,0.409,319.336,606.44,MVMSCBBUIHUTGJ,CCMSLIB00005756866,Guanosine-5'-diphosphate-D-mannose sodium salt,C1=NC2=C(N1C3C(C(C(O3)COP(=O)(O)OP(=O)(O)OC4C(C(C(C(O4)CO)O)O)O)O)O)NC(=NC2=O)N,Organic compounds,"Nucleosides, nucleotides, and analogues",Purine nucleotides,Purine nucleotide sugars,Purine nucleotide sugars,Purine nucleotides,Nucleosides,Carbohydrates
751,219.04599,363.163,CCMSLIB00004694082,"3,7-Epoxycaryophyllan-6-Ol",CC1(C)CC2C1CCC1(C)OC2(C)CCC1O,101.98,261.183,KSMZUKWIDPCGBS,,0.409,176.004,539.167,YTDNHMHONBWCBV,CCMSLIB00005722955,7-methoxy-8-(3-prop-1-en-2-yloxiran-2-yl)chromen-2-one [IIN-based on: CCMSLIB00000848780],COC1=CC=C2C=CC(=O)OC2=C1C3OC3C(C)=C,Organic compounds,Phenylpropanoids and polyketides,Coumarins and derivatives,,Coumarins and derivatives,Simple coumarins,Coumarins,Shikimates and Phenylpropanoids
475,303.969025,221.079,CCMSLIB00004709000,"3-(2,6-dihydroxyphenyl)-4-hydroxy-6-methyl-3H-2-benzofuran-1-one",Cc1cc(O)c2c(c1)C(=O)OC2c1c(O)cccc1O,73.979,295.058,GYCHRCQMZRMPJA,Organoheterocyclic compounds,0.3459,124.976,346.055,ZOOGRGPOEVQQDX,CCMSLIB00004719816,Guanosine cyclic monophosphate,[C@@H]14O[P](OC[C@H]1O[C@@H]([N]2C3=C(N=C2)C(=O)N=C(N3)N)[C@@H]4O)(O)=O,Organic compounds,"Nucleosides, nucleotides, and analogues",Purine nucleotides,Cyclic purine nucleotides,"3',5'-cyclic purine nucleotides",Purine nucleotides,Nucleosides,Carbohydrates
460,64.125,215.019,CCMSLIB00005738341,Massbank:RP001101 L-Lysine,C(CCN)C[C@@H](C(=O)O)N,67.906,147.113,KDXKERNSBIXSRK,Organic acids and derivatives,0.409,291.313,506.332,CTXQVLLVFBNZKL,CCMSLIB00005727316,"2-[2-[(3R,4R,5S,7S,14R,16S)-17-amino-4,14,16-trihydroxy-3,7-dimethylheptadecan-5-yl]oxy-2-oxoethyl]butanedioic acid",CC[C@@H](C)[C@H]([C@H](C[C@@H](C)CCCCCC[C@H](C[C@@H](CN)O)O)OC(=O)CC(CC(=O)O)C(=O)O)O,Organic compounds,Organic acids and derivatives,Carboxylic acids and derivatives,Tricarboxylic acids and derivatives,Tricarboxylic acids and derivatives,Open-chain polyketides,Linear polyketides,Polyketides
698,393.360016,332.184,CCMSLIB00006521365,Sinapine,O=C(OCC[N+](C)(C)C)C=CC1=CC(OC)=C(O)C(OC)=C1,21.014,311.17,HUJXHFRXWWGYQH,Phenylpropanoids and polyketides,0.409,262.123,594.307,KMDKLWZQLMBIBS,CCMSLIB00005727910,"(6aR,9R)-N-[(2S)-1-[(3S,8aR)-3-benzyl-1,4-dioxo-6,7,8,8a-tetrahydro-3H-pyrrolo[1,2-a]pyrazin-2-yl]-3-methyl-1-oxobutan-2-yl]-7-methyl-6,6a,8,9-tetrahydro-4H-indolo[4,3-fg]quinoline-9-carbo",CC(C)[C@@H](C(=O)N1[C@H](C(=O)N2CCC[C@@H]2C1=O)CC3=CC=CC=C3)NC(=O)[C@H]4CN([C@@H]5CC6=CNC7=CC=CC(=C67)C5=C4)C,Organic compounds,Alkaloids and derivatives,Ergoline and derivatives,Lysergic acids and derivatives,Ergopeptams,Ergot alkaloids,Tryptophan alkaloids,Alkaloids
699,228.938995,333.002,CCMSLIB00006699959,2-(4-Ethoxyphenyl)-4-oxo-4H-chromen-3-yl 4-bromobenzenesulfonate,CCOc1ccc(-c2oc3ccccc3c(=O)c2OS(=O)(=O)c2ccc(Br)cc2)cc1,167.998,501.0,GAPQZHJGHFTHBZ,Phenylpropanoids and polyketides,0.5537,79.916,253.086,KIEVPIBIYKKJRJ,CCMSLIB00006697929,3'-Methoxyflavone,COC1=CC=CC(=C1)C2=CC(=O)C3=CC=CC=C3O2,Organic compounds,Phenylpropanoids and polyketides,Flavonoids,O-methylated flavonoids,3'-O-methylated flavonoids,Flavones,Flavonoids,Shikimates and Phenylpropanoids
607,331.26001,293.148,CCMSLIB00005775494,Massbank:AU275806 Benzophenone-3|Oxybenzone|(2-hydroxy-4-methoxyphenyl)-phenylmethanone,COC1=CC=C(C(=O)C2=CC=CC=C2)C(O)=C1,64.062,229.086,DXGLGDHPHMLXJC,Benzenoids,0.409,180.532,473.68,ZAKOWWREFLAJOT,CCMSLIB00005759489,alpha-,CC1=C(C(=C(C2=C1O[C@](CC2)(C)CCC[C@H](C)CCC[C@H](C)CCCC(C)C)C)OC(=O)C)C,Organic compounds,Lipids and lipid-like molecules,Prenol lipids,Quinone and hydroquinone lipids,Vitamin E compounds,Prenyl quinone meroterpenoids,Meroterpenoids,Terpenoids
477,323.743988,223.131,CCMSLIB00006681240,HYDROXYPHENYLLACTIC ACID,C1=C(C=CC(=C1)O)CC(C(=O)O)O,40.066,183.065,JVGVDSSUAVXRDY,,0.3459,74.148,297.279,RVWOWEQKPMPWMQ,CCMSLIB00003139100,Methyl 12-hydroxystearate,CCCCCCC(CCCCCCCCCCC(=O)OC)O,Organic compounds,Lipids and lipid-like molecules,Fatty Acyls,Fatty alcohols,Fatty alcohols,Hydroxy fatty acids,Fatty Acids and Conjugates,Fatty acids
694,376.076996,332.184,CCMSLIB00004718553,Juarezic Acid,O=C(O)/C=C/C=C/c1ccccc1,157.109,175.075,FEIQOMCWGDNMHM,Benzenoids,0.409,216.123,548.307,QUCGBWQRLWOVBR,CCMSLIB00004708956,"(2S,3R,5S,9R)-2,3-dihydroxy-14-(hydroxymethyl)-5,9-dimethyl-14-{[(2S,3R,4S,5S,6R)-3,4,5-trihydroxy-6-(hydroxymethyl)oxan-2-yl]oxy}tetracyclo[11.2.1.0,?.0?,?]hexadecane-5-carboxylic acid",C[C@]12CCC[C@@](C)(C1[C@@H](O)[C@@H](O)C34CC(CCC23)C(CO)(C4)O[C@@H]5O[C@H](CO)[C@@H](O)[C@H](O)[C@H]5O)C(O)=O,Organic compounds,Lipids and lipid-like molecules,Prenol lipids,Terpene glycosides,Diterpene glycosides,Kaurane and Phyllocladane diterpenoids,Diterpenoids,Terpenoids
826,328.770996,435.127,CCMSLIB00004710951,"(2S,3S,4S,5R,6R)-6-(3-benzoyloxy-2-hydroxypropoxy)-3,4,5-trihydroxyoxane-2-carboxylic acid",O=C(OCC(O)CO[C@@H]1O[C@H](C(=O)O)[C@@H](O)[C@H](O)[C@H]1O)c1ccccc1,40.032,395.095,DLZMKPZOEYKXHQ,Organic oxygen compounds,0.6073,80.101,515.228,KPDOJFFZKAUIOE,CCMSLIB00006419261,Nomilin,O=C(OC1CC(=O)OC(C)(C)C2CC(=O)C3(C)C(CCC4(C)C(OC(=O)C5OC534)C6=COC=C6)C12C)C,Organic compounds,Lipids and lipid-like molecules,Prenol lipids,Triterpenoids,Limonoids,Limonoids,Triterpenoids,Terpenoids
434,206.302994,197.129,CCMSLIB00004709000,"3-(2,6-dihydroxyphenyl)-4-hydroxy-6-methyl-3H-2-benzofuran-1-one",Cc1cc(O)c2c(c1)C(=O)OC2c1c(O)cccc1O,97.929,295.058,GYCHRCQMZRMPJA,Organoheterocyclic compounds,0.2939,129.949,327.078,XZZNDPSIHUTMOC,CCMSLIB00000569029,phosphoric acid triphenyl ester,O=P(Oc1ccccc1)(Oc2ccccc2)Oc3ccccc3,Organic compounds,Organic acids and derivatives,Organic phosphoric acids and derivatives,Phosphate esters,Aryl phosphotriesters,,,Shikimates and Phenylpropanoids
836,352.753998,463.158,CCMSLIB00003138770,Spectral Match to Baicalin from NIST14,,16.066,447.092,,,0.4887,12.036,475.194,XTMCUUVQSGQNSI,CCMSLIB00004701779,[5-ethenyl-3-hydroxy-4-(3-hydroxyprop-1-en-2-yl)-2-(3-methoxy-3-oxoprop-1-en-2-yl)-5-methylcyclohexyl] 4-acetyloxy-3-hydroxy-2-methylidenebutanoate,COC(=O)C(=C)C1C(O)C(C(=C)CO)C(C)(CC1OC(=O)C(=C)C(O)COC(C)=O)C=C,Organic compounds,Lipids and lipid-like molecules,Prenol lipids,Sesquiterpenoids,Elemane sesquiterpenoids,Elemane sesquiterpenoids,Sesquiterpenoids,Terpenoids
405,76.723999,166.081,CCMSLIB00006540487,(E)-1-(4-methylquinazolin-2(1H)-ylidene)guanidine,N=C(N=C1N=C(C=2C=CC=CC2N1)C)N,36.029,202.11,ONQKSKDLYYDFLL,Organoheterocyclic compounds,0.3453,174.919,341.0,XPYBSIWDXQFNMH,CCMSLIB00000218268,"D-Fructose 1,6-bisphosphate",C([C@H]([C@H]([C@@H](C(=O)COP(=O)(O)O)O)O)O)OP(=O)(O)O,Organic compounds,Organic oxygen compounds,Organooxygen compounds,Carbohydrates and carbohydrate conjugates,Hexose phosphates,Monosaccharides,Saccharides,Carbohydrates
578,522.497986,273.219,CCMSLIB00006707849,EPIANDROSTERONE,CC12CCC3C(CCC4CC(O)CCC43C)C1CCC2=O,0.00228882,273.221,QGXBDMJGAMFCBF,Lipids and lipid-like molecules,0.5521,184.149,457.368,CFQGYRORPAAHOS,CCMSLIB00005724885,"(1R,3aS,9bS,11aR)-7-hydroxy-1-[(2R,4E)-6-hydroxy-6-methylhept-4-en-2-yl]-3a,6,6,9b,11a-pentamethyl-1H,2H,3H,3aH,3bH,4H,6H,7H,8H,9H,9aH,9bH,10H,11H,11aH-cyclopenta[a]phenanthren-4-one",C[C@H](C/C=C/C(C)(C)O)[C@@H](CC1)[C@@](C)(CC[C@@]2(C)C(CCC(C3(C)C)O)C3=C3)[C@]1(C)C2C3=O,,,,,,Cucurbitane triterpenoids,Triterpenoids,Terpenoids
715,196.403,341.118,CCMSLIB00006541888,2-(2-amino-4-hydroxy-6-methylpyrimidin-5-yl)acetic acid,O=C(O)CC1=C(O)N=C(N=C1C)N,135.06799999999998,206.05,RJXQOURJIQZYIP,Organoheterocyclic compounds,0.5286,68.048,273.07,AYMYWHCQALZEGT,CCMSLIB00006440491,butein,O=C(C=CC1=CC=C(O)C(O)=C1)C2=CC=C(O)C=C2O,Organic compounds,Phenylpropanoids and polyketides,"Linear 1,3-diarylpropanoids",Chalcones and dihydrochalcones,2'-Hydroxychalcones,Chalcones,Flavonoids,Shikimates and Phenylpropanoids
51,651.085999,102.128,,,,,,,,0.6232,0.0,102.128,BMVXCPBXGZKUPN,CCMSLIB00000222883,1-Hexanamine,CCCCCCN,Organic compounds,Organic nitrogen compounds,Organonitrogen compounds,Amines,Monoalkylamines,,,Fatty acids
63,661.524963,111.02,,,,,,,,0.3057,159.295,270.315,REYJJPSVUYRZGE,CCMSLIB00003136479,1-Octadecanamine,CCCCCCCCCCCCCCCCCCN,Organic compounds,Organic nitrogen compounds,Organonitrogen compounds,Amines,Monoalkylamines,Hydrocarbons,Fatty acyls,Fatty acids
87,547.867981,113.963,,,,,,,,0.4851,321.332,435.295,SCABKEBYDRTODC,CCMSLIB00005760988,bis[2-(2-butoxyethoxy)ethyl] hexanedioate,CCCCOCCOCCOC(=O)CCCCC(=O)OCCOCCOCCCC,Organic compounds,Lipids and lipid-like molecules,Fatty Acyls,Fatty acid esters,Fatty acid esters,Triacylglycerols,Glycerolipids,Fatty acids
185,1.772,125.987,,,,,,,,0.4944,626.557,752.544,NAUNPPRXNUXMCK,CCMSLIB00003109606,MGDG(16:0/18:3),CCCCCCCCCCCCCCCC(=O)OC[C@H](CO[C@H]1[C@@H]([C@H]([C@H]([C@H](O1)CO)O)O)O)OC(=O)CCCCCCC/C=C\C/C=C\C/C=C\CC,Organic compounds,Lipids and lipid-like molecules,Glycerolipids,Glycosylglycerols,"1,2-diacyl-3-O-beta-D-galactosyl-sn-glycerols",Glycosyldiacylglycerols,Glycerolipids,Fatty acids
201,344.226013,125.986,,,,,,,,0.4851,322.356,448.342,RBFQHRALHSUPIA,CCMSLIB00006581927,O-arachidonoylcarnitine,,,,,,,,,
257,2.905,125.987,,,,,,,,0.409,396.216,522.203,MUPFEKGTMRGPLJ,CCMSLIB00006684992,RAFFINOSE,OC[C@H]1O[C@@](CO)(OC2O[C@H](COC3O[C@H](CO)[C@H](O)[C@H](O)[C@H]3O)[C@@H](O)[C@H](O)[C@H]2O)[C@@H](O)[C@@H]1O,Organic compounds,Organic oxygen compounds,Organooxygen compounds,Carbohydrates and carbohydrate conjugates,Oligosaccharides,Disaccharides; Polysaccharides,Saccharides,Carbohydrates
341,126.498001,129.105,,,,,,,,0.298,168.149,297.254,QMXGNDITXNMQEK,CCMSLIB00005723458,2-(N-butylpropionamido)-N-cyclohexylbutanamide,CCCCN(C(=O)CC)C(CC)C(=O)NC1CCCCC1,Organic compounds,Organic acids and derivatives,Carboxylic acids and derivatives,Carboxylic acid derivatives,Tertiary carboxylic acid amides,,,Alkaloids; Fatty acids
346,658.161011,139.988,,,,,,,,0.409,293.442,433.43,CNNRPFQICPFDPO,CCMSLIB00006436692,1-Octacosanol,OCCCCCCCCCCCCCCCCCCCCCCCCCCCC,Organic compounds,Lipids and lipid-like molecules,Fatty Acyls,Fatty alcohols,Fatty alcohols,Fatty alcohols,Fatty acyls,Fatty acids
349,6.897,141.959,,,,,,,,0.409,373.453,515.412,GHKOFFNLGXMVNJ,CCMSLIB00005489582,"Didodecyl 3,3'-thiodipropionate [IIN-based: Match]",CCCCCCCCCCCCOC(CCSCCC(OCCCCCCCCCCCC)=O)=O,Organic compounds,Organic acids and derivatives,Carboxylic acids and derivatives,Dicarboxylic acids and derivatives,Dicarboxylic acids and derivatives,Wax monoesters,Fatty esters,Fatty acids
350,7.18,141.959,,,,,,,,0.3459,156.242,298.201,PHSRRHGYXQCRPU,CCMSLIB00005463486,N-(3-Oxododecanoyl)-L-homoserine lactone,CCCCCCCCCC(=O)CC(=O)NC1CCOC1=O,Organic compounds,Organic acids and derivatives,Carboxylic acids and derivatives,"Amino acids, peptides, and analogues",N-acyl-alpha amino acids and derivatives,Fatty acyl homoserine lactones,Fatty amides,Fatty acids
352,8.317,141.959,,,,,,,,0.409,371.356,513.315,IGQBPDJNUXPEMT,CCMSLIB00006674051,C5IsovalerylL-Carnitine,CC(C)CC(=O)OC(CC([O-])=O)C[N+](C)(C)C,Organic compounds,Lipids and lipid-like molecules,Fatty Acyls,Fatty acid esters,Acyl carnitines,Fatty acyl carnitines,Fatty esters,Fatty acids
360,730.341003,141.959,,,,,,,,0.3775,130.227,272.186,DOICJCCMIBBSOO,CCMSLIB00005738074,3-hydroxy-N-(2-oxooxolan-3-yl)decanamide,O=C1[C@@H](NC(CC(O)CCCCCCC)=O)CCO1,Organic compounds,Organic acids and derivatives,Carboxylic acids and derivatives,"Amino acids, peptides, and analogues",N-acyl-alpha amino acids and derivatives,Fatty acyl homoserine lactones,Fatty amides,Fatty acids
368,418.630005,143.039,,,,,,,,0.3459,157.178,300.217,RGTXFFYJJNWEPV,CCMSLIB00005738132,3-hydroxy-N-(2-oxooxolan-3-yl)dodecanamide,CCCCCCCCCC(O)CC(=O)NC1CCOC1=O,Organic compounds,Organic acids and derivatives,Carboxylic acids and derivatives,"Amino acids, peptides, and analogues",N-acyl-alpha amino acids and derivatives,Fatty acyl homoserine lactones,Fatty amides,Fatty acids
384,627.028992,144.982,,,,,,,,0.409,385.363,530.345,WVFDPCYTNIXGHI,CCMSLIB00006582296,Val-CA,[H][C@@]12[C@H](O)C[C@@H]3C[C@H](O)CC[C@]3(C)[C@H]1C[C@H](O)[C@@]4(C)[C@H]2CC[C@@H]4[C@@H](CCC(NC(C(C)C)C(O)=O)=O)C,Organic compounds,Lipids and lipid-like molecules,Steroids and steroid derivatives,"Bile acids, alcohols and derivatives",Glycinated bile acids and derivatives,Cholane steroids; Cholestane steroids,Steroids,Terpenoids
409,131.421005,169.097,,,,,,,,0.3459,202.932,372.029,LQDARGUHUSPFNL,CCMSLIB00005764025,"1-[2-(2,4-dichlorophenyl)-3-(1,1,2,2-tetrafluoroethoxy)propyl]-1,2,4-triazole",C1=CC(=C(C=C1Cl)Cl)C(CN2C=NC=N2)COC(C(F)F)(F)F,Organic compounds,Benzenoids,Benzene and substituted derivatives,Halobenzenes,Dichlorobenzenes,,,Alkaloids
413,74.264999,172.041,,,,,,,,0.409,261.268,433.309,KRNYOVHEKOBTEF,CCMSLIB00003137548,Val-Val,CC(C)[C@@H](C(=O)N[C@@H](C(C)C)C(=O)O)N,Organic compounds,Organic acids and derivatives,Carboxylic acids and derivatives,"Amino acids, peptides, and analogues",Peptides,Dipeptides,Small peptides,Amino acids and Peptides
420,179.341003,180.064,,,,,,,,0.409,255.231,435.295,SCABKEBYDRTODC,CCMSLIB00005760988,bis[2-(2-butoxyethoxy)ethyl] hexanedioate,CCCCOCCOCCOC(=O)CCCCC(=O)OCCOCCOCCCC,Organic compounds,Lipids and lipid-like molecules,Fatty Acyls,Fatty acid esters,Fatty acid esters,Triacylglycerols,Glycerolipids,Fatty acids
424,86.135002,182.079,,,,,,,,0.3145,99.06,281.139,DKDILZBBFKZMRO,CCMSLIB00000085036,L-Histidine beta-naphthylamide7424-15-9,N[C@@H](Cc1c[nH]cn1)C(=O)Nc2ccc3ccccc3c2,Organic compounds,Organic acids and derivatives,Carboxylic acids and derivatives,"Amino acids, peptides, and analogues",Histidine and derivatives,Dipeptides,Small peptides,Amino acids and Peptides
427,668.04303,184.986,,,,,,,,0.409,250.309,435.295,SCABKEBYDRTODC,CCMSLIB00005760988,bis[2-(2-butoxyethoxy)ethyl] hexanedioate,CCCCOCCOCCOC(=O)CCCCC(=O)OCCOCCOCCCC,Organic compounds,Lipids and lipid-like molecules,Fatty Acyls,Fatty acid esters,Fatty acid esters,Triacylglycerols,Glycerolipids,Fatty acids
451,176.30899,211.059,,,,,,,,0.409,224.236,435.295,SCABKEBYDRTODC,CCMSLIB00005761754,bis[2-(2-butoxyethoxy)ethyl] hexanedioate,CCCCOCCOCCOC(=O)CCCCC(=O)OCCOCCOCCCC,Organic compounds,Lipids and lipid-like molecules,Fatty Acyls,Fatty acid esters,Fatty acid esters,Triacylglycerols,Glycerolipids,Fatty acids
456,465.929993,213.147,,,,,,,,0.6092,397.197,610.344,ZXONCHMIIHLRHD,CCMSLIB00005721471,"[(2R,3R,4S,5S,6R)-3,5-diacetyloxy-2-(acetyloxymethyl)-6-[(2S,3R)-2,3,4-trihydroxybutoxy]oxan-4-yl] dodecanoate [IIN-based on: CCMSLIB00000848200]",CCCCCCCCCCCC(=O)O[C@H]1[C@H](OC(C)=O)[C@@H](COC(C)=O)O[C@@H](OC[C@H](O)[C@H](O)CO)[C@H]1OC(C)=O,Organic compounds,Lipids and lipid-like molecules,Saccharolipids,,Saccharolipids,Fatty acyl glycosides of mono- and disaccharides,Fatty acyl glycosides,Fatty acids
478,694.494995,226.951,,,,,,,,0.3026,137.931,89.02,LCTONWCANYUPML,CCMSLIB00006373337,Pyruvic acid,CC(=O)C(=O)O,Organic compounds,Organic acids and derivatives,Keto acids and derivatives,Alpha-keto acids and derivatives,Alpha-keto acids and derivatives,Oxo fatty acids,Fatty Acids and Conjugates,Fatty acids
479,4.191,226.952,,,,,,,,0.3121,50.048,277.0,KOSRFJWDECSPRO,CCMSLIB00000567276,Glu(Glu),OC(=O)CCC(N)C(=O)NC(CCC(O)=O)C(O)=O,Organic compounds,Organic acids and derivatives,Carboxylic acids and derivatives,"Amino acids, peptides, and analogues",Dipeptides,Dipeptides,Small peptides,Amino acids and Peptides
480,4.476,226.952,,,,,,,,0.2939,518.449,745.401,OXQSHEREUUUCEE,CCMSLIB00005722793,"2,3,4,5,6-pentahydroxyhexyl 2-[2-[2-[2-(2-acetyloxy-3-methylbutanoyl)oxy-3-methylpentanoyl]oxy-3-methylpentanoyl]oxy-3-methylpentanoyl]oxy-3-methylpentanoate [IIN-based on: CCMSLIB00000848686]",CCC(C)C(OC(=O)C(OC(=O)C(OC(=O)C(OC(=O)C(OC(C)=O)C(C)C)C(C)CC)C(C)CC)C(C)CC)C(=O)OCC(O)C(O)C(O)C(O)CO,Organic compounds,Organic acids and derivatives,Carboxylic acids and derivatives,Hexacarboxylic acids and derivatives,Hexacarboxylic acids and derivatives,Polyesters,Linear polyketides,Polyketides
494,142.758987,242.101,,,,,,,,0.6277,412.331,654.432,UQCSETXJXJTMKO,CCMSLIB00005727660,Enniatin B1,CCC(C)C1C(=O)OC(C(=O)N(C(C(=O)OC(C(=O)N(C(C(=O)OC(C(=O)N1C)C(C)C)C(C)C)C)C(C)C)C(C)C)C)C(C)C,Organic compounds,Organic acids and derivatives,Peptidomimetics,Depsipeptides,Cyclic depsipeptides,Cyclic peptides; Depsipeptides,Oligopeptides,Amino acids and Peptides; Polyketides
495,29.193001,242.926,,,,,,,,0.3459,175.412,418.338,QQBPLXNESPTPNU,CCMSLIB00000086025,N-Oleoyldopamine105955-11-1,CCCCCCCC/C=C\CCCCCCCC(=O)NCCc1ccc(O)c(O)c1,Organic compounds,Benzenoids,Phenols,Benzenediols,N-acyldopamines,N-acyl amines,Fatty amides,Fatty acids
501,198.884995,246.171,,,,,,,,0.7849,0.001,246.17,VSNFQQXVMPSASB,CCMSLIB00003138757,Valerylcarnitine,CCCCC(=O)OC(CC(=O)[O-])C[N+](C)(C)C,Organic compounds,Lipids and lipid-like molecules,Fatty Acyls,Fatty acid esters,Acyl carnitines,Fatty acyl carnitines,Fatty esters,Fatty acids
520,86.616005,251.137,,,,,,,,0.409,344.143,595.28,XIOGHHPVBVXQIV,CCMSLIB00005725429,"5,20-dimethoxy-10,25-dimethyl-2,17-dioxa-10,25-diazaheptacyclo[26.2.2.2,?.1,?.1?,.0,?.0?,]hexatriaconta-1(30),3,5,7(36),13,15,18,20,22(33),28,31,34-dodecaene-4,19-diol",CN(CCc1cc(OC)c2O)C(Cc(cc3)ccc3Oc(c(C(C3)N(C)CC4)c4cc4OC)c4O)c1c2Oc1ccc3cc1,Organic compounds,Organic oxygen compounds,Organooxygen compounds,Ethers,Diarylethers,Isoquinoline alkaloids; Tetrahydroisoquinoline alkaloids,Tyrosine alkaloids,Alkaloids
533,201.363998,257.981,,,,,,,,0.4887,284.087,542.068,BQOHYSXSASDCEA,CCMSLIB00003138095,Cyclic adenosine diphosphate ribose,C1[C@@H]2[C@H]([C@H]([C@@H](O2)N3C=NC4=C3N=CN(C4=N)[C@H]5[C@@H]([C@@H]([C@H](O5)COP(=O)(OP(=O)(O1)O)O)O)O)O)O,Organic compounds,Organic oxygen compounds,Organooxygen compounds,Carbohydrates and carbohydrate conjugates,Pentose phosphates,Purine nucleotides,Nucleosides,Carbohydrates
549,226.464005,265.117,,,,,,,,0.409,257.169,522.286,BHTRKEVKTKCXOH,CCMSLIB00005465692,"""2-((R)-4-((3S,5S,7S,8R,9S,10S,13R,14S,17R)-3,7-dihydroxy-10,13-dimethylhexadecahydro-1H-cyclopenta[a]phenanthren-17-yl)pentanamido)ethane-1-sulfonic acid""",C[C@H](CCC(=O)NCCS(=O)(=O)O)[C@H]1CC[C@@H]2[C@@]1(CC[C@H]3[C@H]2[C@H](C[C@H]4[C@@]3(CC[C@H](C4)O)C)O)C,Organic compounds,Lipids and lipid-like molecules,Steroids and steroid derivatives,"Bile acids, alcohols and derivatives",Taurinated bile acids and derivatives,Cholane steroids,Steroids,Terpenoids
555,56.744999,267.06,,,,,,,,0.6271,585.087,852.147,OJFDKHTZOUZBOS,CCMSLIB00000478636,acetoacetyl CoA,O=C(SCCNC(CCNC(C(C(C)(C)COP(OP(OCC1C(OP(O)(O)=O)C(O)C(N2C(N=CN=C3N)=C3N=C2)O1)(O)=O)(O)=O)O)=O)=O)CC(C)=O,Organic compounds,Lipids and lipid-like molecules,Fatty Acyls,Fatty acyl thioesters,3-oxo-acyl CoAs,Fatty acyl CoAs,Fatty esters,Fatty acids
575,284.756012,271.08,,,,,,,,0.5364,66.957,204.123,RDHQFKQIGNGIED,CCMSLIB00006681997,ACETYL-CARNITINE,CC(=O)O[C@H](CC(O)=O)C[N+](C)(C)C,Organic compounds,Lipids and lipid-like molecules,Fatty Acyls,Fatty acid esters,Acyl carnitines,Fatty acyl carnitines,Fatty esters,Fatty acids
592,276.233002,279.132,,,,,,,,0.409,292.028,571.16,BTCICADMSGBCKA,CCMSLIB00004709952,"3-[5,7-dihydroxy-2-(4-methoxyphenyl)-4-oxo-2,3-dihydrochromen-3-yl]-5,7-dihydroxy-2-(4-methoxyphenyl)-2,3-dihydrochromen-4-one",COC1=CC=C(C=C1)C2OC3=CC(O)=CC(O)=C3C(=O)C2C4C(OC5=CC(O)=CC(O)=C5C4=O)C6=CC=C(OC)C=C6,Organic compounds,Phenylpropanoids and polyketides,Flavonoids,Biflavonoids and polyflavonoids,Biflavonoids and polyflavonoids,Flavanones,Flavonoids,Shikimates and Phenylpropanoids
595,306.14798,281.148,,,,,,,,0.4887,325.292,606.44,MVMSCBBUIHUTGJ,CCMSLIB00005759307,Guanosine-5'-diphosphate-D-mannose sodium salt,C1=NC2=C(N1C3C(C(C(O3)COP(=O)(O)OP(=O)(O)OC4C(C(C(C(O4)CO)O)O)O)O)O)NC(=NC2=O)N,Organic compounds,"Nucleosides, nucleotides, and analogues",Purine nucleotides,Purine nucleotide sugars,Purine nucleotide sugars,Purine nucleotides,Nucleosides,Carbohydrates
610,458.570984,295.152,,,,,,,,0.4108,313.867,609.019,YKTKLJSJQUANGI,CCMSLIB00006698907,"2-(2,6-dichlorophenyl)-7-methylchromen-4-one",,,,,,,,,
611,458.855011,295.152,,,,,,,,0.409,268.018,563.17,RFWGABANNQMHMZ,CCMSLIB00006380202,Oleuropein,COC(=O)\C1=C\O[C@@H](O[C@@H]2O[C@H](CO)[C@@H](O)[C@H](O)[C@H]2O)\C(=C\C)[C@@H]1CC(=O)OCCC3=CC(=C(O)C=C3)O,Organic compounds,Lipids and lipid-like molecules,Prenol lipids,Terpene glycosides,Terpene glycosides,Secoiridoid monoterpenoids,Monoterpenoids,Terpenoids
614,171.363998,297.094,,,,,,,,0.4851,137.011,434.105,NVUKXGTYJOCEHB,CCMSLIB00006707004,N-(2-chloro-4-methylphenyl)-2-[6-oxo-9-(oxolan-2-ylmethyl)hydropurin-8-ylthio] acetamide,,,,,,,,,
617,539.626953,301.076,,,,,,,,0.409,320.049,621.125,AFZFFLVORLEPPO,CCMSLIB00000004870,CefditorenPivoxil,CC1=C(SC=N1)/C=C/C2=C(N3[C@@H]([C@@H](C3=O)NC(=O)/C(=N/OC)/C4=CSC(=N4)N)SC2)C(=O)OCOC(=O)C(C)(C)C,,,,,,Cephalosporins,-lactams,Amino acids and Peptides
618,541.385986,301.076,,,,,,,,0.409,174.046,475.122,AFCAWRFTSGVRQA,CCMSLIB00005719778,Roccellin,O=C(C)O[C@@H]1[C@@H](O)[C@H](O)[C@@H](COC(C)=O)O[C@H]1OC2=CC(OC(C)=CC3=O)=C3C(O)=C2C,Organic compounds,Organic oxygen compounds,Organooxygen compounds,Carbohydrates and carbohydrate conjugates,Phenolic glycosides,Chromones,Chromanes,Polyketides
620,246.235992,302.194,,,,,,,,0.409,133.057,435.251,INRCFVYVWPWZJS,CCMSLIB00004697687,"5-[(Z)-14-(3,5-dihydroxyphenyl)tetradec-8-enyl]benzene-1,3-diol",Oc1cc(O)cc(CCCCC/C=C\CCCCCCCc2cc(O)cc(O)c2)c1,Organic compounds,Benzenoids,Phenols,Benzenediols,Resorcinols,Catechols with side chains,Aromatic polyketides,Polyketides
626,645.622009,305.209,,,,,,,,0.3775,145.1,160.109,BCXCABRDBBWWGY,CCMSLIB00000085375,PARGYLINE HYDROCHLORIDE306-07-0,CN(CC#C)Cc1ccccc1.Cl,Organic compounds,Benzenoids,Benzene and substituted derivatives,Phenylmethylamines,Phenylmethylamines,Phenylethylamines,Tyrosine alkaloids,Alkaloids
653,434.591003,312.218,,,,,,,,0.5292,94.079,218.139,UFAHZIUFPNSHSL,CCMSLIB00005885048,Propionylcarnitine - 70.00 eV,CCC(=O)O[C@H](CC(O)=O)C[N+](C)(C)C,Organic compounds,Lipids and lipid-like molecules,Fatty Acyls,Fatty acid esters,Acyl carnitines,Fatty acyl carnitines,Fatty esters,Fatty acids
668,423.279999,324.215,,,,,,,,0.409,144.085,468.3,YOTUXHIWBVZAJQ,CCMSLIB00006388116,"(3S,6S,6aR,7R,7aR,8S,9R,10S,11aR,12R,13S,14R)-1-ethyl-3-(hydroxymethyl)-6,8,10,13-tetramethoxytetradecahydro-1H-3,6a,12-(epiethane[1,1,2]triyl)-7,9-methanonaphtho[2,3-b]azocine-11a,12-diol",CCN1C[C@]2(CO)CC[C@H](OC)[C@]3(C4C[C@H]5[C@H](OC)C4[C@](O)(C[C@H]5OC)[C@@]6(O)C(OC)C32)[C@H]16,Organic compounds,Lipids and lipid-like molecules,Prenol lipids,Diterpenoids,Aconitane-type diterpenoid alkaloids,Terpenoid alkaloids,Pseudoalkaloids (transamidation),Alkaloids; Terpenoids
691,223.994003,330.191,,,,,,,,0.6242,0.0,330.191,GKQGIQVSMCHAFX,CCMSLIB00000850566,"beta-D-Glucopyranoside, 5-methyl-2-(1-methylethyl)phenyl",CC(C)C1=C(O[C@@H]2O[C@H](CO)[C@@H](O)[C@H](O)[C@H]2O)C=C(C)C=C1,Organic compounds,Lipids and lipid-like molecules,Prenol lipids,Terpene glycosides,Terpene glycosides,Menthane monoterpenoids,Monoterpenoids,Terpenoids
728,497.597015,350.23,,,,,,,,0.409,340.2,690.43,OWUREPXBPJFMOK,CCMSLIB00005727043,Enniatin A1,CCC(C)C1C(=O)OC(C(=O)N(C(C(=O)OC(C(=O)N(C(C(=O)OC(C(=O)N1C)C(C)C)C(C)C)C)C(C)C)C(C)CC)C)C(C)C,Organic compounds,Organic acids and derivatives,Peptidomimetics,Depsipeptides,Cyclic depsipeptides,Cyclic peptides; Depsipeptides,Oligopeptides,Amino acids and Peptides; Polyketides
743,590.771057,353.23,,,,,,,,0.409,196.089,549.319,ZBJCSWVKUJLAAQ,CCMSLIB00005725006,"(1R,3R,7S,8S,11S,12S,14S,15R,16R)-15-[(2S,3R,6R)-3,7-dihydroxy-6-methyl-5-methylidene-4-oxoheptan-2-yl]-7,12,16-trimethyl-6-oxopentacyclo[9.7.0.0,.0,?.0,?]octadec-4-en-14-yl acetate",C[C@@H](CO)C(C([C@@H]([C@@H](C)[C@@H]([C@H](C1)OC(C)=O)[C@@](C)(CC2)[C@]1(C)[C@H](CC[C@H]1[C@@H]3C)[C@@]2(C2)[C@@]12C=CC3=O)O)=O)=C,,,,,,Cycloartane triterpenoids,Triterpenoids,Terpenoids
746,470.618988,355.173,,,,,,,,0.409,322.238,677.411,QGQSOVLOEOVNRW,CCMSLIB00004715127,"[(2R,3R,4S,5S,6R)-3-acetyloxy-2-(acetyloxymethyl)-5-hexanoyloxy-6-[(2S,3R)-2,3,4-trihydroxybutoxy]oxan-4-yl] tetradecanoate",CCCCCCCCCCCCCC(=O)O[C@H]1[C@H](OC(C)=O)[C@@H](COC(C)=O)O[C@@H](OC[C@H](O)[C@H](O)CO)[C@H]1OC(=O)CCCCC,Organic compounds,Lipids and lipid-like molecules,Saccharolipids,,Saccharolipids,Fatty acyl glycosides of mono- and disaccharides,Fatty acyl glycosides,Fatty acids
749,472.321991,355.173,,,,,,,,0.6044,76.104,431.277,BHQCQFFYRZLCQQ,CCMSLIB00005463905,CHOLATE,C[C@H](CCC(=O)O)[C@H]1CC[C@@H]2[C@@]1([C@H](C[C@H]3[C@H]2[C@@H](C[C@H]4[C@@]3(CC[C@H](C4)O)C)O)O)C,Organic compounds,Lipids and lipid-like molecules,Steroids and steroid derivatives,"Bile acids, alcohols and derivatives","Trihydroxy bile acids, alcohols and derivatives",Cholane steroids,Steroids,Terpenoids
760,316.042999,380.206,,,,,,,,0.5525,98.022,478.228,QJVVGCSWIOLQDG,CCMSLIB00000853064,"beta-D-Glucopyranoside, 3-(4-hydroxyphenyl)-1-methylpropyl 6-O-[(2S,3R,4R)-tetrahydro-3,4-dihydroxy-4-(hydroxymethyl)-2-furanyl]-",CC(CCC1=CC=C(O)C=C1)O[C@@H]2O[C@H](CO[C@H]3OC[C@](O)(CO)[C@H]3O)[C@@H](O)[C@H](O)[C@H]2O,Organic compounds,Lipids and lipid-like molecules,Fatty Acyls,Fatty acyl glycosides,Fatty acyl glycosides of mono- and disaccharides,,,Shikimates and Phenylpropanoids
791,238.839005,407.189,,,,,,,,0.409,322.101,729.29,PZEAYKDDQCGSQU,CCMSLIB00006540763,"(2S,3R)-2-(((S)-7-acetamido-1,2,3-trimethoxy-9-oxo-5,6,7,9-tetrahydrobenzo[a]heptalen-10-yl)amino)-N-(4-(1,1-dioxido-1,2-thiazinan-2-yl)phenyl)-3-methylpentanamide",O=C1C=C2C(=CC=C1NC(C(=O)NC3=CC=C(C=C3)N4CCCCS4(=O)=O)C(C)CC)C5=C(OC)C(OC)=C(OC)C=C5CCC2NC(=O)C,,,,,,Phenethylisoquinoline alkaloids,Tyrosine alkaloids,Alkaloids
813,221.518997,421.106,,,,,,,,0.6073,158.065,579.171,LYGPBZVKGHHTIE,CCMSLIB00005738983,Apigenin-8-C-glucoside-2'-rhamnoside,O=C1C2=C(O)C=C(O)C([C@]3([H])O[C@H](CO)[C@@H](O)[C@H](O)[C@H]3O[C@H]4[C@H](O)[C@H](O)[C@@H](O)[C@H](C)O4)=C2OC(C5=CC=C(O)C=C5)=C1,Organic compounds,Phenylpropanoids and polyketides,Flavonoids,Flavonoid glycosides,Flavonoid 8-C-glycosides,Flavones,Flavonoids,Shikimates and Phenylpropanoids
822,550.593018,427.268,,,,,,,,0.4887,164.061,591.329,MXLZHQOOQIUQGO,CCMSLIB00004680133,"12-O-[deca-2Z,4E-dienoyl]-13-isobutyroyloxy-4-deoxyphorbol",[H][C@]12[C@]3([H])C=C(CO)C[C@]4([H])C(C(C)=C[C@@]4([H])[C@@]3(O)[C@H](C)[C@@H](OC(/C=C\C=C\CCCCC)=O)[C@@]1(OC(C(C)C)=O)C2(C)C)=O,Organic compounds,Lipids and lipid-like molecules,Prenol lipids,Diterpenoids,Tigliane and ingenane diterpenoids,Tigliane diterpenoids,Diterpenoids,Terpenoids
828,256.459015,451.216,,,,,,,,0.6074,226.028,677.244,TZJALUIVHRYQQB,CCMSLIB00005745717,3-[(6-Deoxy-alpha-L-mannopyranosyl)oxy]-7-(beta-D-glucopyranosyloxy)-5-hydroxy-2-(4-methoxyphenyl)-8-(3-methyl-2-buten-1-yl)-4H-1-benzopyran-4-one,COc1ccc(cc1)c2oc3c(CC=C(C)C)c(O[C@@H]4O[C@H](CO)[C@@H](O)[C@H](O)[C@H]4O)cc(O)c3c(=O)c2O[C@@H]5O[C@@H](C)[C@H](O)[C@@H](O)[C@H]5O,Organic compounds,Phenylpropanoids and polyketides,Flavonoids,Flavonoid glycosides,Flavonoid-7-O-glycosides,Flavonols,Flavonoids,Shikimates and Phenylpropanoids
833,473.07901,453.175,,,,,,,,0.409,342.262,795.437,HOFGZJTZROMXRO,CCMSLIB00005722766,"[3-methyl-1-[3-methyl-1-[3-methyl-1-[3-methyl-1-oxo-1-(1,3,4,5,6-pentahydroxyhexan-2-yloxy)pentan-2-yl]oxy-1-oxopentan-2-yl]oxy-1-oxopentan-2-yl]oxy-1-oxopentan-2-yl] 2-acetyloxy-3-methylpentanoate [IIN-based on: CCMSLIB00000846644]",CCC(C)C(OC(C)=O)C(=O)OC(C(C)CC)C(=O)OC(C(C)CC)C(=O)OC(C(C)CC)C(=O)OC(C(C)CC)C(=O)OC(CO)C(O)C(O)C(O)CO,Organic compounds,Organic acids and derivatives,Carboxylic acids and derivatives,Hexacarboxylic acids and derivatives,Hexacarboxylic acids and derivatives,Polyesters,Linear polyketides,Polyketides
837,241.304001,465.133,,,,,,,,0.4887,3.977,469.11,ABRULANJVVJLFI,CCMSLIB00006425396,Swertisin,OC1=CC=C(C=C1)C2=CC(C3=C(C([C@@H]4O[C@@H]([C@H]([C@@H]([C@H]4O)O)O)CO)=C(C=C3O2)OC)O)=O,Organic compounds,Phenylpropanoids and polyketides,Flavonoids,Flavonoid glycosides,Flavonoid C-glycosides,Flavones,Flavonoids,Shikimates and Phenylpropanoids
842,81.675003,479.284,,,,,,,,0.409,21.922,501.206,QOUNADNCAOICIY,CCMSLIB00006686332,"6,2'-Dimethylflavone",,,,,,,,,
886,288.88501,597.211,,,,,,,,0.6726,80.211,517.0,ZFYHVMQCJIKTLP,CCMSLIB00005879252,Celafolin C-1,O=C(OC1C(OC(=O)C)C2C(OC(=O)C)C3(OC2(C)C)C(C)CCC(OC(=O)C)C13C)C=4C=CC=CC4,Organic compounds,Lipids and lipid-like molecules,Prenol lipids,Sesquiterpenoids,Agarofurans,Agarofuran sesquiterpenoids,Sesquiterpenoids,Terpenoids
893,298.746002,638.026,,,,,,,,0.7918,136.756,501.27,ZWNKGUOHTAKRBN,CCMSLIB00005435905,Moroidin-[QLLVWRAH],O=C1CC[C@@H](C(N[C@H](C(N[C@@H](CC(C)C)C(N[C@@H](C(C)C)C(N[C@@](C(N[C@H](C(N[C@@H](C)C(N[C@@H](CC2=CN3C=N2)C(O)=O)=O)=O)CCCNC(N)=N)=O)([H])CC4=C3NC5=C4C=CC6=C5)=O)=O)=O)[C@@H]6C(C)C)=O)N1,Organic compounds,Organic acids and derivatives,Carboxylic acids and derivatives,"Amino acids, peptides, and analogues",Oligopeptides,Cyclic peptides,Oligopeptides,Amino acids and Peptides
